Technique,Rule Description,Interaction Rule,Source,,,,,,,,,,,,,,,,,,,,
Reconnaissance,,,,,,,,,,,,,,,,,,,,,,,
Active Scanning,,,,,,,,,,,,,,,,,,,,,,,
Gather Victim Host Information,,,,,,,,,,,,,,,,,,,,,,,
Gather Victim Identity Information,,,,,,,,,,,,,,,,,,,,,,,
Gather Victim Network Information,,,,,,,,,,,,,,,,,,,,,,,
Gather Victim Org information,,,,,,,,,,,,,,,,,,,,,,,
Phishing for Information,,,,,,,,,,,,,,,,,,,,,,,
Search Colsed Sources,,,,,,,,,,,,,,,,,,,,,,,
Search Open Technical Databases,,,,,,,,,,,,,,,,,,,,,,,
Search Open Websites/Domains,,,,,,,,,,,,,,,,,,,,,,,
Seach Victim-Owned Websites,,,,,,,,,,,,,,,,,,,,,,,
Resource Development,,,,,,,,,,,,,,,,,,,,,,,
Acquire Infrastructure,,,,,,,,,,,,,,,,,,,,,,,
Compromise Accounts,,,,,,,,,,,,,,,,,,,,,,,
Compromise Infratructure,,,,,,,,,,,,,,,,,,,,,,,
Develop Capabilities,,,,,,,,,,,,,,,,,,,,,,,
Establish Accounts,,,,,,,,,,,,,,,,,,,,,,,
Obtain Capabilities,,,,,,,,,,,,,,,,,,,,,,,
Initial Access,,,,,,,,,,,,,,,,,,,,,,,
Drive-by Compromise,,"accessMaliciousInput(Host, Victim, Software) :-
  inCompetent(Victim),
  isClient(Software),
  hacl(Host, MaliciousMachine, httpProtocol, httpPort),
  attackerLocated(MaliciousMachine).",Ext07,,,,,,,,,,,,,,,,,,,,
,,"execCode(Victim, Host, Perm) :-
  vulExists(Host, _, Software, remoteClient, privEscalation),
  hasAccount(Victim, Host, Perm),
  accessMaliciousInput(Host, Victim, Software).",Ext24,,,,,,,,,,,,,,,,,,,,
Exploit Public-Facing Application,Browsing a malicious website,"execCode(Attacker, Host, User) :-
  malicious(Attacker),
  vulExists(Host, Program, remoteExploit, privilegeEscalation),
  networkService(Host, Program, Protocol, Port, User),
  netAccess(Attacker, _AttackSrc, Host, Protocol, Port).",MulVAL Base,,,,,,,,,,,,,,,,,,,,
,Browsing a compromised website,"localAccess(Principal, DstHost, NetworkServiceUser):-
  netAccess(Principal, SrcHost, DstHost, Protocol, Port),
  networkService(DstHost, Prog, Prot, Port, NetworkServiceUser),
  vulHost(DstHost, _vulID, Prog, remoteExploit, execCode),
  malicious(Principal).",Ext03,,,,,,,,,,,,,,,,,,,,
,,"execCode(Src, Host, Perm) :-
  vulExists(Host, _, Software, remoteExploit, privEscalation),
  networkServiceInfo(Host, Software, Protocol, Port),
  netAccess(Src ,Host, Protocol, Port).",Ext24,,,,,,,,,,,,,,,,,,,,
External Remote Services,"remote exploit of a server program, direct network access, direct on-host access","execCode(Host, Perm) :-
  vulExists(Host, VulID, Software, remote, privEscalation),
  networkServiceInfo(Host, Software, Protocol, Port, Perm),
  netAccess(Host, Protocol, Port).",Ext07,,,,,,,,,,,,,,,,,,,,
Hardware Additions,,,,,,,,,,,,,,,,,,,,,,,
Phishing,,"execCode(Attacker, Host, User) :-
  malicious(Attacker),
  vulExists(Host, Program, remoteExploit, privilegeEscalation),
  clientProgram(Host, Program),
  incompetent(Prin),
  hasAccount(Prin, Host, User).",MulVAL Base,,,,,,,,,,,,,,,,,,,,
Replication Through Removable Media,,,,,,,,,,,,,,,,,,,,,,,
Supply Chain Compromise,,,,,,,,,,,,,,,,,,,,,,,
Trusted Relationship,Insider threat,,,,,,,,,,,,,,,,,,,,,,
Valid Accounts,Access a host through executing code on the machine,"execCode(P1, Host, Perm) :-
  principalCompromised(P2, P1),
  hasAccount(P2, Host, Perm),
  canAccessHost(P1, Host)",MulVAL Base,,,,,,,,,,,,,,,,,,,,
,When a principal is compromised any machine he has an account on will also be compromised,"execCode(Attacker, Host, User) :-
  principalCompromised(Victim, Attacker),
  hasAccount(Victim, Host, User),
  canAccessHost(Attacker, Host).",MulVAL Base,,,,,,,,,,,,,,,,,,,,
,When a principal is compromised any machine he has an account on will also be compromised,"execCode(Victim, Host, Perm) :-
  principalCompromised(Victim),
  hasAccount(Victim, Host, Perm),
  canAccessHost(Host, Victim).",Ext24,,,,,,,,,,,,,,,,,,,,
Execution,,,,,,,,,,,,,,,,,,,,,,,
Command and Scripting Interpreter,,"execCode(H, Perm) :-
  compromised(H),
  vulExists(H, Vulid, localExploit, privEscalation).
compromised(H) :-
  deviceOnline(H, Platform)
  vulExists(H, Vulid, remoteClient, codeExecution),
  maliciousInteraction(H, _, App).",Ext18,,,,,,,,,,,,,,,,,,,,
Exploitation for Client Execution,local exploit,"execCode(Prin, Host, Perm) :-
  malicious(Prin),
  execCode(Prin, Host, Perm2),
  vulExists(Host, Software, localExploit, privEscalation),
  setuidProgram(Host, Software, Perm)",MulVAL Base,,,,,,,,,,,,,,,,,,,,
,,"execCode(Attacker, Host, User) :-
  malicious(Attacker),
  vulExists(Host, Program, remoteExploit, privilegeEscalation),
  clientProgram(Host, Program),
  incompetent(Prin),
  hasAccount(Prin, Host, User).",MulVAL Base,,,,,,,,,,,,,,,,,,,,
,Trojan horse installation,"execCode(Attacker, Host, root) :-
  malicious(Attacker),
  accessFile(Attacker, Host, write, Path).",MulVAL Base,,,,,,,,,,,,,,,,,,,,
,,"execCode(Attacker, Host, User) :-
  malicious(Attacker),
  accessFile(Attacker, Host, write, Path),
  not setuidProgram(Host, Path),
  localFileProtection(Host, User, exec, Path).",MulVAL Base,,,,,,,,,,,,,,,,,,,,
,,"execCode(Attacker, Host, Owner) :-
  malicious(Attacker),
  accessFile(Attacker, Host, write, Path),
  setuidProgram(Host, Path),
  fileOwner(Host, Path, Owner),
  localFileProtection(Host, User, exec, Path).",MulVAL Base,,,,,,,,,,,,,,,,,,,,
,,"execCode3(Principal_1, Host, User):-
  malicious1(Principal_1),
  inCompetent1(Principal_2),
  dataInject4(Principal_1, Host, _prog, User),
  localAccess3(Principal_2, Host, User).",Ext01,,,,,,,,,,,,,,,,,,,,
,,"execArbitraryCode(Host, _Perm) :-
  execCode(Host, _Perm),
  vulExists(Host, _, Software, _, execArbitCode).",Ext23,,,,,,,,,,,,,,,,,,,,
,,"execCode(Victim, Host, Perm) :-
  vulExists(Host, _, Software, remoteClient, privEscalation),
  hasAccount(Victim, Host, Perm),
  accessMaliciousInput(Host, Victim, Software).",Ext24,,,,,,,,,,,,,,,,,,,,
,,"execCode(Src, Host, Perm) :-
  vulExists(Host, _, Software, remoteExploit, privEscalation),
  installed(Host, Software),
  netAccess(Src, Host, _, _).",Ext24,,,,,,,,,,,,,,,,,,,,
,,"compromised (Principal) :-
  compromised (Attacker),
  canAccess (Attacker, service_change_config, Service).",Ext30,,,,,,,,,,,,,,,,,,,,
,,"compromised (Principal) :-
  compromised (Attacker),
  canAccess (Attacker, write, File),
  canAccess (Principal, execute, File).",Ext30,,,,,,,,,,,,,,,,,,,,
Inter-Process Communication,,,,,,,,,,,,,,,,,,,,,,,
Native API,,,,,,,,,,,,,,,,,,,,,,,
Scheduled Task/Job,,,,,,,,,,,,,,,,,,,,,,,
Shared Modules,Library bug,"vulHost5(Host, ID, Prog, Range, Consequense):-
  vulHost5(Host, ID, Library, Range, Consequense),
  dependsOn3(Host, Prog, Library).",Ext01,,,,,,,,,,,,,,,,,,,,
Software Deployment Tools,,,,,,,,,,,,,,,,,,,,,,,
System Services,,"localAccess(Principal, Host, admin):-
  localService(Host, Prog, User),
  vulHost(Host, _vulID, Prog, localExploit, privEsc),
  malicious(Principal),
  localAccess(Principal, Host, User).",Ext03,,,,,,,,,,,,,,,,,,,,
User Execution,incompetent user,"execCode(Attacker, Host, User) :-
  malicious(Attacker),
  vulExists(Host, Program, remoteExploit, privilegeEscalation),
  clientProgram(Host, Program),
  incompetent(Prin),
  hasAccount(Prin, Host, User).",MulVAL Base,,,,,,,,,,,,,,,,,,,,
,,"execCode3(Principal_1, Host, User):-
  malicious1(Principal_1),
  inCompetent1(Principal_2),
  dataInject4(Principal_1, Host, _prog, User),
  localAccess3(Principal_2, Host, User).",Ext01,,,,,,,,,,,,,,,,,,,,
,remote exploit for a client program,"execCode(Victim, Host, Perm) :-
  vulExists(Host, _, Software, remoteClient, privEscalation),
  hasAccount(Victim, Host, Perm),
  accessMaliciousInput(Host, Victim, Software).",Ext24,,,,,,,,,,,,,,,,,,,,
,,"execCode(Src, Host, Perm) :-
  vulExists(Host, _, Software, remoteExploit, privEscalation),
  installed(Host, Software),
  netAccess(Src, Host, _, _).",Ext24,,,,,,,,,,,,,,,,,,,,
Windows Management Instrumentation,,,,,,,,,,,,,,,,,,,,,,,
Persistence,,,,,,,,,,,,,,,,,,,,,,,
Account Manipulation,,,,,,,,,,,,,,,,,,,,,,,
BITS Jobs,,,,,,,,,,,,,,,,,,,,,,,
Boot or Logon Autostart Execution,,,,,,,,,,,,,,,,,,,,,,,
Boot or Logon Initialization Scripts,,,,,,,,,,,,,,,,,,,,,,,
Browser Extensions,,,,,,,,,,,,,,,,,,,,,,,
Compromise Client Software Binary,,,,,,,,,,,,,,,,,,,,,,,
Create Account,,,,,,,,,,,,,,,,,,,,,,,
Create or Modify System Process,,,,,,,,,,,,,,,,,,,,,,,
Event Triggered Execution,,,,,,,,,,,,,,,,,,,,,,,
External Remote Services,remote exploit of a server program,"execCode(Host, Perm) :-
  vulExists(Host, VulID, Software, remote, privEscalation),
  networkServiceInfo(Host, Software, Protocol, Port, Perm),
  netAccess(Host, Protocol, Port).",Ext07,,,,,,,,,,,,,,,,,,,,
Hijack Execution Flow,,,,,,,,,,,,,,,,,,,,,,,
Implant Container Image,,,,,,,,,,,,,,,,,,,,,,,
Office Application Startup,,,,,,,,,,,,,,,,,,,,,,,
Pre-OS Boot,,,,,,,,,,,,,,,,,,,,,,,
Scheduled Task/Job,,,,,,,,,,,,,,,,,,,,,,,
Server Software Component,,,,,,,,,,,,,,,,,,,,,,,
Traffic Signaling,,,,,,,,,,,,,,,,,,,,,,,
Valid Accounts,,"execCode(P1, Host, Perm) :-
  principalCompromised(P2, P1),
  hasAccount(P2, Host, Perm),
  canAccessHost(P1, Host)",MulVAL Base,,,,,,,,,,,,,,,,,,,,
,,"execCode(Attacker, Host, User) :-
  principalCompromised(Victim, Attacker),
  hasAccount(Victim, Host, User),
  canAccessHost(Attacker, Host).",MulVAL Base,,,,,,,,,,,,,,,,,,,,
,,"execCode(Victim, Host, Perm) :-
  principalCompromised(Victim),
  hasAccount(Victim, Host, Perm),
  canAccessHost(Host, Victim).",Ext24,,,,,,,,,,,,,,,,,,,,
Privilege Escalation,,,,,,,,,,,,,,,,,,,,,,,
Abuse Elevation Control Mechanism,,"execCode(Attacker, Host, User) :-
  malicious(Attacker),
  vulExists(Host, Prog, localExploit, privilegeEscalation),
  setuidProgram(Host, Prog),
  fileOwner(Host, Path, User),
  execCode(Attacker, Host, _SomeUser).",MulVAL Base,,,,,,,,,,,,,,,,,,,,
Access Token Manipulation,,,,,,,,,,,,,,,,,,,,,,,
Boot or Logon Autostart Execution,,,,,,,,,,,,,,,,,,,,,,,
Boot or Logon Initialization Scripts,,,,,,,,,,,,,,,,,,,,,,,
Create or Modify System Process,,,,,,,,,,,,,,,,,,,,,,,
Event Triggered Execution,,,,,,,,,,,,,,,,,,,,,,,
Exploitation for Privilege Escalation,,"execCode(Prin, Host, Perm) :-
  malicious(Prin),
  execCode(Prin, Host, Perm2),
  vulExists(Host, Software, localExploit, privEscalation),
  setuidProgram(Host, Software, Perm)",MulVAL Base,,,,,,,,,,,,,,,,,,,,
,,"execCode(Attacker, Host, User) :-
  malicious(Attacker),
  vulExists(Host, Program, remoteExploit, privilegeEscalation),
  networkService(Host, Program, Protocol, Port, User),
  netAccess(Attacker, _AttackSrc, Host, Protocol, Port).",MulVAL Base,,,,,,,,,,,,,,,,,,,,
,,"execCode(Attacker, Host, User) :-
  malicious(Attacker),
  vulExists(Host, Prog, localExploit, privilegeEscalation),
  setuidProgram(Host, Prog),
  fileOwner(Host, Path, User),
  execCode(Attacker, Host, _SomeUser).",MulVAL Base,,,,,,,,,,,,,,,,,,,,
,,"execCode3(Principal, DstHost, User):-
  malicious1(Principal),
  vulHost5(DstHost, VulID, Prot, adjacent, completePrivEsc),
  l2Access6(Principal, SrcHost, DstHost, Prot, Zone, Type).",Ext01,,,,,,,,,,,,,,,,,,,,
,,"execCode(Host, Perm) :-
  vulExists(Host, VulID, Software, remote, privEscalation),
  networkServiceInfo(Host, Software, Protocol, Port, Perm),
  netAccess(Host, Protocol, Port).",Ext07,,,,,,,,,,,,,,,,,,,,
,,"execCode(H, Perm) :-
  compromised(H),
  vulExists(H, Vulid, localExploit, privEscalation).
compromised(H) :-
  deviceOnline(H, Platform)
  vulExists(H, Vulid, remoteClient, codeExecution),
  maliciousInteraction(H, _, App).",Ext18,,,,,,,,,,,,,,,,,,,,
,,"execCode(Vm_id, Perm) :-
  VulEixsts(Vm_id, stealthyBridge_id, _, _, privEscalation),
  netAccess(H, _Protocol, _Port)",Ext21-Ext22,,,,,,,,,,,,,,,,,,,,
,,"execCode(Vm_2,_user) :-
  stealthyBridgeExists(Vm_1, Vm_2, Host, stealthyBridge_id).",Ext21-Ext22,,,,,,,,,,,,,,,,,,,,
,,"execCode(Host, root) :-
  execCode(Host, _Perm),
  vulExists(Host, _, Software, _, Act),
  canLeadToPrivEscalation(Act).",Ext23,,,,,,,,,,,,,,,,,,,,
,,"execCode(Host, root) :-
  execArbitraryCode(Host, _Perm).",Ext23,,,,,,,,,,,,,,,,,,,,
,,"execCode(Attacker, Host, ProgramUserId) :-
  vulExists(Host, Program, localExploit, privilegeEscalation),
  privilegedProgram(Host, Program, ProgramUserId),
  execCode(Attacker, Host, _SomeUser).",Ext31,,,,,,,,,,,,,,,,,,,,
,,"execCode(Attacker, Host, User) :-
  accessFile(Attacker, Host, write, Path),
  not privilegedProgram(Host, Path),
  localFileProtection(Host, User, exec, Path).
execCode(Attacker, Host, Owner) :-
  accessFile(Attacker, Host, write, Path),
  privilegedProgram(Host, Path),
  fileOwner(Host, Path, Owner).",Ext31,,,,,,,,,,,,,,,,,,,,
,,"canPrivEsc(Comp) :-
  canInjectCommand(Comp),
  badConfiguration(Comp).",Ext37,,,,,,,,,,,,,,,,,,,,
Group Policy Modification,,,,,,,,,,,,,,,,,,,,,,,
Hijack Execution Flow,,,,,,,,,,,,,,,,,,,,,,,
Process Injection,,"dataInject(Principal, DstHost, Path2):-
  accessFile(Principal, SrcHost, write, Path1),
  dataBind(Flow, SrcHost, Path1),
  dataFlow(SrcHost, DstHost, Flow),
  dataBind (Flow, DstHost, Path2).",Ext03,,,,,,,,,,,,,,,,,,,,
,,"stealthyBridgeExists(Vm_1, Vm_2, Host, stealthyBridge_id) :-
  execCode(Vm_1, _user),
  resideOn(Vm_1, Host),
  resideOn(Vm_2, Host).",Ext21-Ext22,,,,,,,,,,,,,,,,,,,,
Scheduled Task/Job,,,,,,,,,,,,,,,,,,,,,,,
Valid Accounts,,"execCode(Attacker, Host, User) :-
  malicious(Attacker),
  vulExists(Host, Program, remoteExploit, privilegeEscalation),
  clientProgram(Host, Program),
  incompetent(Prin),
  hasAccount(Prin, Host, User).",MulVAL Base,,,,,,,,,,,,,,,,,,,,
,,"execCode(Src, Host, Perm) :-
  vulExists(Host, _, Software, remoteExploit, privEscalation),
  networkServiceInfo(Host, Software, Protocol, Port),
  netAccess(Src ,Host, Protocol, Port).",Ext24,,,,,,,,,,,,,,,,,,,,
,,"execCode(Src, Host, Perm) :-
  vulExists(Host, _, Software, remoteExploit, privEscalation),
  installed(Host, Software),
  netAccess(Src, Host, _, _).",Ext24,,,,,,,,,,,,,,,,,,,,
Defense Evasion,,,,,,,,,,,,,,,,,,,,,,,
Abuse Elevation Control Mechanism,,"execCode(Attacker, Host, User) :-
  malicious(Attacker),
  vulExists(Host, Prog, localExploit, privilegeEscalation),
  setuidProgram(Host, Prog),
  fileOwner(Host, Path, User),
  execCode(Attacker, Host, _SomeUser).",MulVAL Base,,,,,,,,,,,,,,,,,,,,
Access Token Manipulation,,,,,,,,,,,,,,,,,,,,,,,
BITS Jobs,,,,,,,,,,,,,,,,,,,,,,,
Deobfuscate/Decode Files or Information,,,,,,,,,,,,,,,,,,,,,,,
Direct Volume Access,,,,,,,,,,,,,,,,,,,,,,,
Execution Guardrails,,,,,,,,,,,,,,,,,,,,,,,
Exploitation for Defense Evasion,,,,,,,,,,,,,,,,,,,,,,,
File and Directory Permissions Modification,,,,,,,,,,,,,,,,,,,,,,,
Group Policy Modification,,,,,,,,,,,,,,,,,,,,,,,
Hide Artifacts,,,,,,,,,,,,,,,,,,,,,,,
Hijack Execution Flow,,,,,,,,,,,,,,,,,,,,,,,
Impair Defenses,,,,,,,,,,,,,,,,,,,,,,,
Indicator Removal on Host,,,,,,,,,,,,,,,,,,,,,,,
Indirect Command Execution,,,,,,,,,,,,,,,,,,,,,,,
Masquerading,,,,,,,,,,,,,,,,,,,,,,,
Modify Authentication Process,,,,,,,,,,,,,,,,,,,,,,,
Modify Cloud Compute Infrastructure,,,,,,,,,,,,,,,,,,,,,,,
Modify Registry,,,,,,,,,,,,,,,,,,,,,,,
Modify System Image,,,,,,,,,,,,,,,,,,,,,,,
Network Boundary Bridging,,,,,,,,,,,,,,,,,,,,,,,
Obfuscated Files or Information,,,,,,,,,,,,,,,,,,,,,,,
Pre-OS Boot,,,,,,,,,,,,,,,,,,,,,,,
Process Injection,,"dataInject(Principal, DstHost, Path2):-
  accessFile(Principal, SrcHost, write, Path1),
  dataBind(Flow, SrcHost, Path1),
  dataFlow(SrcHost, DstHost, Flow),
  dataBind (Flow, DstHost, Path2).",Ext03,,,,,,,,,,,,,,,,,,,,
,,"stealthyBridgeExists(Vm_1, Vm_2, Host, stealthyBridge_id) :-
  execCode(Vm_1, _user),
  resideOn(Vm_1, Host),
  resideOn(Vm_2, Host).",Ext21-Ext22,,,,,,,,,,,,,,,,,,,,
Rogue Domain Controller,,,,,,,,,,,,,,,,,,,,,,,
Rootkit,,,,,,,,,,,,,,,,,,,,,,,
Signed Binary Proxy Execution,,,,,,,,,,,,,,,,,,,,,,,
Signed Script Proxy Execution,,,,,,,,,,,,,,,,,,,,,,,
Subvert Trust Controls,,,,,,,,,,,,,,,,,,,,,,,
Template Injection,,,,,,,,,,,,,,,,,,,,,,,
Traffic Signaling,,,,,,,,,,,,,,,,,,,,,,,
Trusted Developer Utilities Proxy Execution,,,,,,,,,,,,,,,,,,,,,,,
Unused/Unsupported Cloud Regions,,,,,,,,,,,,,,,,,,,,,,,
Use Alternate Authentication Material,,,,,,,,,,,,,,,,,,,,,,,
Valid Accounts,,"execCode(P1, Host, Perm) :-
  principalCompromised(P2, P1),
  hasAccount(P2, Host, Perm),
  canAccessHost(P1, Host)",MulVAL Base,,,,,,,,,,,,,,,,,,,,
,,"execCode(Attacker, Host, User) :-
  malicious(Attacker),
  vulExists(Host, Program, remoteExploit, privilegeEscalation),
  clientProgram(Host, Program),
  incompetent(Prin),
  hasAccount(Prin, Host, User).",MulVAL Base,,,,,,,,,,,,,,,,,,,,
,,"execCode(Attacker, Host, User) :-
  principalCompromised(Victim, Attacker),
  hasAccount(Victim, Host, User),
  canAccessHost(Attacker, Host).",MulVAL Base,,,,,,,,,,,,,,,,,,,,
,,"execCode(Victim, Host, Perm) :-
  principalCompromised(Victim),
  hasAccount(Victim, Host, Perm),
  canAccessHost(Host, Victim).",Ext24,,,,,,,,,,,,,,,,,,,,
,,"execCode(Src, Host, Perm) :-
  vulExists(Host, _, Software, remoteExploit, privEscalation),
  networkServiceInfo(Host, Software, Protocol, Port),
  netAccess(Src ,Host, Protocol, Port).",Ext24,,,,,,,,,,,,,,,,,,,,
,,"execCode(Src, Host, Perm) :-
  vulExists(Host, _, Software, remoteExploit, privEscalation),
  installed(Host, Software),
  netAccess(Src, Host, _, _).",Ext24,,,,,,,,,,,,,,,,,,,,
Virtualization/Sandbox Evasion,,,,,,,,,,,,,,,,,,,,,,,
Weaken Encryption,,,,,,,,,,,,,,,,,,,,,,,
XSL Script Processing,,,,,,,,,,,,,,,,,,,,,,,
Credential Access,,,,,,,,,,,,,,,,,,,,,,,
Brute Force,,,,,,,,,,,,,,,,,,,,,,,
Credentials from Password Stores,password sniffing,"principalCompromised(Victim) :-
  hasAccount(Victim, Host, _Perm),
  execCode(Victim, Host, root).",Ext24,,,,,,,,,,,,,,,,,,,,
,,"principalCompromised(Victim) :-
  hasAccount(Victim, Host, User),
  execCode(Victim, Host, root).",Ext24,,,,,,,,,,,,,,,,,,,,
Exploitation for Credential Access,,"principalCompromised(Victim, Attacker) :-
  hasAccount(Victim, Host, User),
  execCode(Attacker, Host, root),
  malicious(Attacker).",MulVAL Base,,,,,,,,,,,,,,,,,,,,
,,"execCode(Attacker, Host, User) :-
  principalCompromised(Victim, Attacker),
  hasAccount(Victim, Host, User),
  canAccessHost(Attacker, Host).
principalCompromised(Victim, Attacker) :-
  incompetent(Victim),
  malicious(Attacker).",MulVAL Base,,,,,,,,,,,,,,,,,,,,
Forced Authentication,,,,,,,,,,,,,,,,,,,,,,,
Input Capture,,,,,,,,,,,,,,,,,,,,,,,
Man-in-the-Middle,,"spoofLinkHost5(Principal, ImpersonatedHost, FooledHost, AttackerHost, trafficTheft):-
  vulLinkProtocol6(ImpersonatedHost, FooledHost, _vulID, Prot,adjacent, impersonateSrc),
  l2Access6(Principal, AttackerHost, ImpersonatedHost, Prot, Zone, ipSubnet).",Ext01,,,,,,,,,,,,,,,,,,,,
,,"spoofLinkHost(Principal, ImpersonatedHost, FooledHost, AttackerHost, trafficTheft):-
  vulLinkProtocol(RelayHost, ImpersonatedHost, VulID, Prot, adjacent, impersonateDst),
  l2Access(Principal, AttackerHost, ImpersonatedHost, Prot, Subnet, ipSubnet),
  dataFlow(FooledHost,ImpersonatedHost,FlowName),
  isGateway(RelayHost,Subnet).",Ext01,,,,,,,,,,,,,,,,,,,,
,,"spoofLinkHost5(Principal, ImpersonatedHost, FooledHost, AttackerHost, deception):-
  vulLinkProtocol6(ImpersonatedHost, FooledHost, _vulID, Prot, adjacent, impersonateSrc),
  l2Connection5(AttackerHost, FooledHost, BusID, Prot,bus),
  localAccess3(Principal, AttackerHost, User),
  isMaster2(ImpersonatedHost, BusID).",Ext01,,,,,,,,,,,,,,,,,,,,
,,"spoofLinkHost5(Principal, ImpersonatedHost, FooledHost, AttackerHost, deception):-
  vulLinkProtocol6(ImpersonatedHost, FooledHost, _vulID, Prot, adjacent, impersonateSrc),
  l2Connection5(AttackerHost, FooledHost, BusID, Prot, bus),
  localAccess3(Principal, AttackerHost, User),
  isSlave2(ImpersonatedHost, BusID).",Ext01,,,,,,,,,,,,,,,,,,,,
,,"spoofE2EHost7(Principal, ImpersonatedHost, FooledHost, AttackerHost1, Prot, Port, trafficTheft):-
  isNameResolver3(NameResolver, FooledHost, ImpersonatedHost),
  vulE2EProtocol7(FooledHost, NameResolver, dnsCachePoisoning, dns, DNSProt, remoteExploit, nameresolverCachePoisoned),
  netAccess5(Principal, AttackerHost1, NameResolver, dns, DNSProt).",Ext01,,,,,,,,,,,,,,,,,,,,
,,"spoofE2EHost(Principal, ImpersonatedHost, FooledHost, AttackerHost, Prot, Port, trafficTheft):-
  isNameResolver(NameResolver, FooledHost, ImpersonatedHost),
  localAccess(Principal, NameResolver, admin),
  netAccess(Principal2, FooledHost, AttackerHost, Prot, Port),
  localAccess(Principal, AttackerHost, User).",Ext01,,,,,,,,,,,,,,,,,,,,
,,"spoofE2EHost(Principal, ImpersonatedHost, FooledHost, AttackerHost, Prot, Port, trafficTheft):-
  isNameResolver(NameResolver, FooledHost, ImpersonatedHost),
  accessFile(Principal, NameResolver, write, RecoredPath),
  dataBind(NameResolverRecord, NameResolver, RecoredPath),
  isNameResolverRecord(NameResolverRecord).",Ext01,,,,,,,,,,,,,,,,,,,,
,,"mitmLink(Principal, SrcHost, DstHost, SpoofingHost):-
  spoofLinkHost(Principal, SrcHost, DstHost, SpoofingHost, trafficTheft),
  spoofLinkHost(Principal, DstHost, SrcHost, SpoofingHost, trafficTheft).",Ext01,,,,,,,,,,,,,,,,,,,,
,,"mitmE2E(Principal, SrcHost, DstHost, SpoofingHost, Prot, Port):-
  spoofE2EHost(Principal, SrcHost, DstHost, SpoofingHost, Prot, Port, trafficTheft),
  spoofE2EHost(Principal, DstHost, SrcHost, SpoofingHost, Prot, Port, trafficTheft).",Ext01,,,,,,,,,,,,,,,,,,,,
,Access a host through a log-in service,"principalCompromised(Victim) :-
  hasAccount(Victim, RemoteHost, User),
  attackerLocated(Subnet),
  hacl(Subnet, H, _anyProtocol, _anyPort),
  networkServiceInfo(H, arpd, _protocol, _port, _),
  vulExists(H, arpSpoofVuln, arpd, remoteExploit, arpSpoof),
  logInService(RemoteHost, Protocol, Port),
  flowExists(H, RemoteHost, Protocol, Port, User).
logInService(H, Protocol, Port) :-
  networkServiceInfo(H, ftpd, Protocol, Port, _).",Ext09,,,,,,,,,,,,,,,,,,,,
,,"principalCompromised(Victim) :-
  hasAccount(Victim, RemoteHost, User),
  networkServiceInfo(H, nrlolsr, olsr, _no_port, _user),
  vulExists(H, nrlolsrVul, nrlolsr, remoteExploit, nrlolsrHijack),
  logInService(RemoteHost, Protocol, Port),
  flowExists(H, RemoteHost, Protocol, Port, User).",Ext09,,,,,,,,,,,,,,,,,,,,
,,"canReceiveFile(HostRX, FileName, HostTX) :-
  notSame(HostRX, HostTX),
  vulExists(HostTX, _, Software, remoteExploit, spoofResponse),
  networkServiceInfo(HostTX, Software, Protocol, Port),
  netAccess(HostTX, HostRX, Protocol, Port),
  execCode(_, HostRX, _),
  sendsFile(HostTX, _, FileName, Software).",Ext24,,,,,,,,,,,,,,,,,,,,
,,"canReceiveFile(HostRX, FileName, HostTX) :-
  notSame(HostRX, HostTX),
  vulExists(HostTX, _, Software, remoteExploit, spoofResponse),
  networkServiceInfo(HostTX, Software, Protocol, Port),
  netAccess(HostTX, HostRX, Protocol, Port),
  attackerLocated(HostRX),
  sendsFile(HostTX, _, FileName, Software).",Ext24,,,,,,,,,,,,,,,,,,,,
,,"dataTransitsThrough(Host, FileName) :-
  firstHop(TXhost, Host),
  firstHop(RXhost, Host),
  sendsFile(TXhost, RXhost, FileName, TxSoftware),
  listenForFiles(RXhost, RxSoftware).",Ext24,,,,,,,,,,,,,,,,,,,,
,,"manInTheMiddle(Host, Tx, Rx) :-
  sendsFile(Tx, Rx, FileName, _Software),
  dataTransitsThrough(Host, FileName),
  execCode(_, Host, _).",Ext24,,,,,,,,,,,,,,,,,,,,
,,"manInTheMiddle(Host, Tx, Rx) :-
  execCode(_, Host, _),
  canReceiveFile(Host, FileName, Tx),
  canSendFile(Host, Rx, _).",Ext24,,,,,,,,,,,,,,,,,,,,
,,"manInTheMiddle(Host, Tx, Rx) :-
  attackerLocated(Host),
  canReceiveFile(Host, FileName, Tx),
  canSendFile(Host, Rx, _).",Ext24,,,,,,,,,,,,,,,,,,,,
Modify Authentication Process,,,,,,,,,,,,,,,,,,,,,,,
Network Sniffing,,"crackAPEncKey2(Principal, AP):-
  malicious1(Principal),
  accessDataFlow3(Principal, Flowname, view),
  relay2(AP, Flowname),
  isAP5(AP, WirelessRange, DstZone, WirelessProt, secured),
  vulLinkProtocol5(WirelessRange, WeakEncryption, WirelessProt, remoteExploit, keyExtraction).",Ext01,,,,,,,,,,,,,,,,,,,,
,,"crackAPEncKey2(Principal, AP):-
  malicious1(Principal),
  isCredential3(Flowname, AP, User), 
  accessDataFlow3(Principal, Flowname, view),
  relay2(AP, Flowname),
  isAP5(AP, WirelessRange, DstZone, WirelessProt, secured),
  vulLinkProtocol5(WirelessRange, WeakEncryption, WirelessProt, remoteExploit, keyExtraction).",Ext01,,,,,,,,,,,,,,,,,,,,
,,"accessDataFlow3(Principal, FlowName, read):-
  crackAPEncKey(Principal, AP),
  relay(AP, FlowName),
  dataFlow(Host, FlowName),
  flowBind(FlowName, Prot, Port),
  vulE2EProtocol(Host, VulID, Prot, Port, remoteExploit, eavesdropping),
  isAP(AP, WirelessRange, DstZone, WirelessProt, secured),
  located(AttackerHost, WirelessRange, physical),
  localAccess(Principal, AttackerHost, admin).",Ext01,,,,,,,,,,,,,,,,,,,,
,,"accessDataFlow3(Principal, Flowname, view):-
  l2Connection5(SrcHost, AP, WirelessRange, Prot, wireless),
  located3(SideHost, WirelessRange, physical),
  localAccess3(Principal, SideHost, admin),
  dataFlow2(SrcHost, Flowname),
  relay2(AP, Flowname).",Ext01,,,,,,,,,,,,,,,,,,,,
,,"accessDataFlow3(Principal,Flowname,read):-
  accessDataFlow3(Principal, Flowname, view),
  vulLinkProtocol6(SrcHost, DstHost, VulID, WirelessProt, Range, eavesdropping),
  dataFlow3(SrcHost, DstHost, Flowname),
  flowBind3(Flowname, WirelessProt, _).",Ext01,,,,,,,,,,,,,,,,,,,,
,,"accessDataFlow3(Principal, Flowname, view):-
  l2Connection5(SrcHost, DstHost, WirelessRange, Prot, wireless),
  located3(SideHost, WirelessRange, physical),
  localAccess3(Principal, SideHost, admin),
  dataFlow4(SrcHost, DstHost, Flowname, Direction).",Ext01,,,,,,,,,,,,,,,,,,,,
,,"accessLinkFlow(Principal, Host, AP, Protocol, read):-
  malicious(Principal),
  localAccess(Principal, AttackerHost, admin),
  located(AttackerHost, WirelessRange, physical),
  flowBind(Flowname, Protocol, Port),
  isCredential(Flowname, DstZone, User),
  vulLinkProtocol(WirelessRange, VulID, Protocol, adjacent, keyReinstallation),
  isAP(AP, WirelessRange, DstZone, Protocol, secured),
  located(Host, WirelessRange, physical).",Ext01,,,,,,,,,,,,,,,,,,,,
,,"accessDataFlow3(Principal, Flowname, read):-
  crackPINCode4(Principal, SrcHost, DstHost, BluetoothProt),
  dataFlow4(SrcHost, DstHost, Flowname, Direction),
  flowBind3(Flowname, BluetoothProt, _),
  located3(SideHost, BluetoothRange, physical),
  localAccess3(Principal, SideHost, admin).",Ext01,,,,,,,,,,,,,,,,,,,,
,,"principalCompromised(Victim) :-
  hasAccount(Victim, RemoteHost, User),
  attackerLocated(Subnet),
  hacl(Subnet, H, _anyProtocol, _anyPort),
  networkServiceInfo(H, arpd, _protocol, _port, _),
  vulExists(H, arpSpoofVuln, arpd, remoteExploit, arpSpoof),
  logInService(RemoteHost, Protocol, Port),
  flowExists(H, RemoteHost, Protocol, Port, User).
logInService(H, Protocol, Port) :-
  networkServiceInfo(H, ftpd, Protocol, Port, _).",Ext09,,,,,,,,,,,,,,,,,,,,
,,"principalCompromised(Victim) :-
  hasAccount(Victim, Host, _Perm),
  execCode(Victim, Host, root).",Ext24,,,,,,,,,,,,,,,,,,,,
,,"principalCompromised(Victim) :-
  hasAccount(Victim, Host, User),
  execCode(Victim, Host, root).",Ext24,,,,,,,,,,,,,,,,,,,,
OS Credential Dumping,,"accessFile(Prin, Host, Access, Path) :-
  execCode(Prin, Host, User),
  localFileProtection(Host, User, Access, Path).",MulVAL Base,,,,,,,,,,,,,,,,,,,,
,,"principalCompromised(Victim, Attacker) :-
  hasAccount(Victim, Host, User),
  execCode(Attacker, Host, root),
  malicious(Attacker).",MulVAL Base,,,,,,,,,,,,,,,,,,,,
,,"leakInfo(Host, file) :-
  execCode(Host, _Perm),
  vulExists(Host, _, Software, _, readfile).",Ext23,,,,,,,,,,,,,,,,,,,,
,,"principalCompromised(Victim) :-
  hasAccount(Victim, Host, _Perm),
  execCode(Victim, Host, root).",Ext24,,,,,,,,,,,,,,,,,,,,
,,"principalCompromised(Victim) :-
  hasAccount(Victim, Host, User),
  execCode(Victim, Host, root).",Ext24,,,,,,,,,,,,,,,,,,,,
Steal Application Access Token,,"principalCompromised(Victim) :-
  hasAccount(Victim, RemoteHost, User),
  attackerLocated(Subnet),
  hacl(Subnet, H, _anyProtocol, _anyPort),
  networkServiceInfo(H, arpd, _protocol, _port, _),
  vulExists(H, arpSpoofVuln, arpd, remoteExploit, arpSpoof),
  logInService(RemoteHost, Protocol, Port),
  flowExists(H, RemoteHost, Protocol, Port, User).
logInService(H, Protocol, Port) :-
  networkServiceInfo(H, ftpd, Protocol, Port, _).",Ext09,,,,,,,,,,,,,,,,,,,,
,,"principalCompromised(Victim) :-
  hasAccount(Victim, RemoteHost, User),
  networkServiceInfo(H, nrlolsr, olsr, _no_port, _user),
  vulExists(H, nrlolsrVul, nrlolsr, remoteExploit, nrlolsrHijack),
  logInService(RemoteHost, Protocol, Port),
  flowExists(H, RemoteHost, Protocol, Port, User).",Ext09,,,,,,,,,,,,,,,,,,,,
Steal or Forge Kerberos Tickets,,"principalCompromised(Victim, Attacker) :-
  hasAccount(Victim, Host, User),
  execCode(Attacker, Host, root),
  malicious(Attacker).",MulVAL Base,,,,,,,,,,,,,,,,,,,,
,,"principalCompromised(Victim) :-
  hasAccount(Victim, RemoteHost, User),
  attackerLocated(Subnet),
  hacl(Subnet, H, _anyProtocol, _anyPort),
  networkServiceInfo(H, arpd, _protocol, _port, _),
  vulExists(H, arpSpoofVuln, arpd, remoteExploit, arpSpoof),
  logInService(RemoteHost, Protocol, Port),
  flowExists(H, RemoteHost, Protocol, Port, User).
logInService(H, Protocol, Port) :-
  networkServiceInfo(H, ftpd, Protocol, Port, _).",Ext09,,,,,,,,,,,,,,,,,,,,
,,"principalCompromised(Victim) :-
  hasAccount(Victim, RemoteHost, User),
  networkServiceInfo(H, nrlolsr, olsr, _no_port, _user),
  vulExists(H, nrlolsrVul, nrlolsr, remoteExploit, nrlolsrHijack),
  logInService(RemoteHost, Protocol, Port),
  flowExists(H, RemoteHost, Protocol, Port, User).",Ext09,,,,,,,,,,,,,,,,,,,,
,,"leakInfo(Host, data) :-
  execCode(Host, _Perm),
  vulExists(Host, _, Software, _, readdata).",Ext23,,,,,,,,,,,,,,,,,,,,
,,"principalCompromised(Victim) :-
  hasAccount(Victim, Host, _Perm),
  execCode(Victim, Host, root).",Ext24,,,,,,,,,,,,,,,,,,,,
,,"principalCompromised(Victim) :-
  hasAccount(Victim, Host, User),
  execCode(Victim, Host, root).",Ext24,,,,,,,,,,,,,,,,,,,,
Steal Web Session Cookie,,,,,,,,,,,,,,,,,,,,,,,
Two-Factor Authentication Interception,,,,,,,,,,,,,,,,,,,,,,,
Unsecured Credentials,,,,,,,,,,,,,,,,,,,,,,,
Discovery,,,,,,,,,,,,,,,,,,,,,,,
Account Discovery,,,,,,,,,,,,,,,,,,,,,,,
Application Window Discovery,,,,,,,,,,,,,,,,,,,,,,,
Browser Bookmark Discovery,,,,,,,,,,,,,,,,,,,,,,,
Cloud Infrastructure Discovery,,,,,,,,,,,,,,,,,,,,,,,
Cloud Service Dashboard,,,,,,,,,,,,,,,,,,,,,,,
Cloud Service Discovery,,,,,,,,,,,,,,,,,,,,,,,
Domain Trust Discovery,,,,,,,,,,,,,,,,,,,,,,,
File and Directory Discovery,,"execCode(Host, Perm) :-
  vulExists(Host, _, Software, _, privEscalation),
  localService(Host, Software, Perm),
  usbMounted(Host, USB_Drive),
  malwareLocated(USB_Drive).",Ext25-Ext26,,,,,,,,,,,,,,,,,,,,
Network Service Scanning,,,,,,,,,,,,,,,,,,,,,,,
Network Share Discovery,,,,,,,,,,,,,,,,,,,,,,,
Network Sniffing,,"crackAPEncKey2(Principal, AP):-
  malicious1(Principal),
  accessDataFlow3(Principal, Flowname, view),
  relay2(AP, Flowname),
  isAP5(AP, WirelessRange, DstZone, WirelessProt, secured),
  vulLinkProtocol5(WirelessRange, WeakEncryption, WirelessProt, remoteExploit, keyExtraction).",Ext01,,,,,,,,,,,,,,,,,,,,
,,"crackAPEncKey2(Principal, AP):-
  malicious1(Principal),
  isCredential3(Flowname, AP, User), 
  accessDataFlow3(Principal, Flowname, view),
  relay2(AP, Flowname),
  isAP5(AP, WirelessRange, DstZone, WirelessProt, secured),
  vulLinkProtocol5(WirelessRange, WeakEncryption, WirelessProt, remoteExploit, keyExtraction).",Ext01,,,,,,,,,,,,,,,,,,,,
,,"accessDataFlow3(Principal, FlowName, read):-
  crackAPEncKey(Principal, AP),
  relay(AP, FlowName),
  dataFlow(Host, FlowName),
  flowBind(FlowName, Prot, Port),
  vulE2EProtocol(Host, VulID, Prot, Port, remoteExploit, eavesdropping),
  isAP(AP, WirelessRange, DstZone, WirelessProt, secured),
  located(AttackerHost, WirelessRange, physical),
  localAccess(Principal, AttackerHost, admin).",Ext01,,,,,,,,,,,,,,,,,,,,
,,"accessDataFlow3(Principal, Flowname, view):-
  l2Connection5(SrcHost, AP, WirelessRange, Prot, wireless),
  located3(SideHost, WirelessRange, physical),
  localAccess3(Principal, SideHost, admin),
  dataFlow2(SrcHost, Flowname),
  relay2(AP, Flowname).",Ext01,,,,,,,,,,,,,,,,,,,,
,,"accessDataFlow3(Principal,Flowname,read):-
  accessDataFlow3(Principal, Flowname, view),
  vulLinkProtocol6(SrcHost, DstHost, VulID, WirelessProt, Range, eavesdropping),
  dataFlow3(SrcHost, DstHost, Flowname),
  flowBind3(Flowname, WirelessProt, _).",Ext01,,,,,,,,,,,,,,,,,,,,
,,"accessDataFlow3(Principal, Flowname, view):-
  l2Connection5(SrcHost, DstHost, WirelessRange, Prot, wireless),
  located3(SideHost, WirelessRange, physical),
  localAccess3(Principal, SideHost, admin),
  dataFlow4(SrcHost, DstHost, Flowname, Direction).",Ext01,,,,,,,,,,,,,,,,,,,,
,,"accessLinkFlow(Principal, Host, AP, Protocol, read):-
  malicious(Principal),
  localAccess(Principal, AttackerHost, admin),
  located(AttackerHost, WirelessRange, physical),
  flowBind(Flowname, Protocol, Port),
  isCredential(Flowname, DstZone, User),
  vulLinkProtocol(WirelessRange, VulID, Protocol, adjacent, keyReinstallation),
  isAP(AP, WirelessRange, DstZone, Protocol, secured),
  located(Host, WirelessRange, physical).",Ext01,,,,,,,,,,,,,,,,,,,,
,,"accessDataFlow3(Principal, Flowname, read):-
  crackPINCode4(Principal, SrcHost, DstHost, BluetoothProt),
  dataFlow4(SrcHost, DstHost, Flowname, Direction),
  flowBind3(Flowname, BluetoothProt, _),
  located3(SideHost, BluetoothRange, physical),
  localAccess3(Principal, SideHost, admin).",Ext01,,,,,,,,,,,,,,,,,,,,
,,"principalCompromised(Victim) :-
  hasAccount(Victim, RemoteHost, User),
  attackerLocated(Subnet),
  hacl(Subnet, H, _anyProtocol, _anyPort),
  networkServiceInfo(H, arpd, _protocol, _port, _),
  vulExists(H, arpSpoofVuln, arpd, remoteExploit, arpSpoof),
  logInService(RemoteHost, Protocol, Port),
  flowExists(H, RemoteHost, Protocol, Port, User).
logInService(H, Protocol, Port) :-
  networkServiceInfo(H, ftpd, Protocol, Port, _).",Ext09,,,,,,,,,,,,,,,,,,,,
,,"principalCompromised(Victim) :-
  hasAccount(Victim, Host, _Perm),
  execCode(Victim, Host, root).",Ext24,,,,,,,,,,,,,,,,,,,,
,,"principalCompromised(Victim) :-
  hasAccount(Victim, Host, User),
  execCode(Victim, Host, root).",Ext24,,,,,,,,,,,,,,,,,,,,
Password Policy Discovery,,"crackAPEncKey2(Principal, AP):-
  malicious1(Principal),
  accessDataFlow3(Principal, Flowname, view),
  relay2(AP, Flowname),
  isAP5(AP, WirelessRange, DstZone, WirelessProt, secured),
  vulLinkProtocol5(WirelessRange, WeakEncryption, WirelessProt, remoteExploit, keyExtraction).",Ext01,,,,,,,,,,,,,,,,,,,,
,,"crackAPEncKey2(Principal, AP):-
  malicious1(Principal),
  isCredential3(Flowname, AP, User), 
  accessDataFlow3(Principal, Flowname, view),
  relay2(AP, Flowname),
  isAP5(AP, WirelessRange, DstZone, WirelessProt, secured),
  vulLinkProtocol5(WirelessRange, WeakEncryption, WirelessProt, remoteExploit, keyExtraction).",Ext01,,,,,,,,,,,,,,,,,,,,
,,"crackAPEncKey3(Principal, Host, AP):-
  malicious1(Principal),
  accessLinkFlow5(Principal, Host, AP, Protocol, read),
  isAP5(AP, WirelessRange, DstZone, Protocol, secured),
  vulLinkProtocol5(WirelessRange, VulID1, Protocol, adjacent,keyReinstallation),
  vulHost5(Host, VulID2, wpaSupplicant, localExploit, keyExtraction).",Ext01,,,,,,,,,,,,,,,,,,,,
,,"crackPINCode4(Principal, SrcHost, DstHost, BluetoothProt):-
  malicious1(Principal),
  accessDataFlow3(Principal, Flowname, read),
  isPairingProcess1(Flowname),
  dataFlow4(SrcHost, DstHost, Flowname, Direction),
  flowBind3(Flowname, BluetoothProt, _).",Ext01,,,,,,,,,,,,,,,,,,,,
,,"crackPINCode4(Principal, DstHost, SrcHost, BluetoothProt):-
  crackPINCode4(Principal, SrcHost, DstHost, BluetoothProt).",Ext01,,,,,,,,,,,,,,,,,,,,
Peripheral Device Discovery,,,,,,,,,,,,,,,,,,,,,,,
Permission Groups Discovery,,,,,,,,,,,,,,,,,,,,,,,
Process Discovery,,,,,,,,,,,,,,,,,,,,,,,
Query Registry,,,,,,,,,,,,,,,,,,,,,,,
Remote System Discovery,,,,,,,,,,,,,,,,,,,,,,,
Software Discovery,,,,,,,,,,,,,,,,,,,,,,,
System Information Discovery,,,,,,,,,,,,,,,,,,,,,,,
System Network Configuration Discovery,,,,,,,,,,,,,,,,,,,,,,,
System Network Connections Discovery,,,,,,,,,,,,,,,,,,,,,,,
System Owner/User Discovery,,,,,,,,,,,,,,,,,,,,,,,
System Service Discovery,,,,,,,,,,,,,,,,,,,,,,,
System Time Discovery,,,,,,,,,,,,,,,,,,,,,,,
Virtualization/Sandbox Evasion,,,,,,,,,,,,,,,,,,,,,,,
Lateral Movement,,,,,,,,,,,,,,,,,,,,,,,
Exploitation of Remote Services,,"stealthyBridgeExists(Vm_1, Vm_2, Host, stealthyBridge_id) :-
  execCode(Vm_1, _user),
  ResideOn(Vm_1, Host),
  ResideOn(Vm_2, Host).",Ext21-Ext22,,,,,,,,,,,,,,,,,,,,
Internal Spearphishing,,,,,,,,,,,,,,,,,,,,,,,
Lateral Tool Transfer,,,,,,,,,,,,,,,,,,,,,,,
Remote Service Session Hijacking,,"localAccess(Principal, DstHost, NetworkServiceUser):-
  netAccess(Principal, SrcHost, DstHost, Protocol, Port),
  networkService(DstHost, Prog, Prot, Port, NetworkServiceUser),
  vulHost(DstHost, _vulID, Prog, remoteExploit, execCode),
  malicious(Principal).",Ext03,,,,,,,,,,,,,,,,,,,,
Remote Services,,"localAccess(Principal, DstHost, NetworkServiceUser):-
  netAccess(Principal, SrcHost, DstHost, Protocol, Port),
  networkService(DstHost, Prog, Prot, Port, NetworkServiceUser),
  vulHost(DstHost, _vulID, Prog, remoteExploit, execCode),
  malicious(Principal).",Ext03,,,,,,,,,,,,,,,,,,,,
,multi-hop access,"netAccess(H2, _protocol, _port) :-
  gateway(H1),
  advances(H1, H2),
  netAccess(H1, _protocol, _port),
  hacl(H1, H2, _protocol, _port).",Ext09,,,,,,,,,,,,,,,,,,,,
,,"stealthyBridgeExists(Vm_1, Vm_2, Host, stealthyBridge_id) :-
  execCode(Vm_1, _user),
  ResideOn(Vm_1, Host),
  ResideOn(Vm_2, Host).",Ext21-Ext22,,,,,,,,,,,,,,,,,,,,
Replication Through Removable Media,,,,,,,,,,,,,,,,,,,,,,,
Software Deployment Tools,,,,,,,,,,,,,,,,,,,,,,,
Taint Shared Content,,,,,,,,,,,,,,,,,,,,,,,
Use Alternate Authentication Material,,,,,,,,,,,,,,,,,,,,,,,
Collection,,,,,,,,,,,,,,,,,,,,,,,
Archive Collected Data,,,,,,,,,,,,,,,,,,,,,,,
Audio Capture,,,,,,,,,,,,,,,,,,,,,,,
Automated Collection,,,,,,,,,,,,,,,,,,,,,,,
Clipboard Data,,,,,,,,,,,,,,,,,,,,,,,
Data from Cloud Storage Object,,,,,,,,,,,,,,,,,,,,,,,
Data from Configuration Repository,,,,,,,,,,,,,,,,,,,,,,,
Data from Information Repositories,,,,,,,,,,,,,,,,,,,,,,,
Data from Local System,,"accessFile(Prin, Host, Access, Path) :-
  execCode(Prin, Host, User),
  localFileProtection(Host, User, Access, Path).",MulVAL Base,,,,,,,,,,,,,,,,,,,,
,NFS semantics,"accessFile(Prin, Server, Access, ServerPath) :-
  nfsMounted(Client, ClientPath, Server, ServerPath, Access),
  accessFile(Prin, Client, Access, ClientPath)",MulVAL Base,,,,,,,,,,,,,,,,,,,,
,,"localFileProtection(Host, User, Access, Path) :-
  fileOwner(Host, Path, User),
  ownerAccessible(Host, Access, Path).",MulVAL Base,,,,,,,,,,,,,,,,,,,,
,,"localFileProtection(Host, User, Access, Path) :-
  inGroup(User, Group),
  fileGroupOwner(Host, Path, Group),
  groupAccessible(Host, Access, Path).",MulVAL Base,,,,,,,,,,,,,,,,,,,,
,,"localFileProtection(Host, User, Access, Path) :-
  worldAccessible(Host, Access, Path).",MulVAL Base,,,,,,,,,,,,,,,,,,,,
,,"accessFile(Principal, Host, Access, Path):-
  localFileProtection(Host, User, Access, Path),
  localAccess(Principal, Host, User).",Ext03,,,,,,,,,,,,,,,,,,,,
,execCode implies file access,"accessFile(Host, Path) :-
  execCode(_, Host, Usr),
  canAccessFile(Host, Usr, Path).",Ext24,,,,,,,,,,,,,,,,,,,,
,,"accessFile(Host, FileName) :-
  execCode(_, Host, Usr),
  dataTransitsThrough(Host, FileName).",Ext24,,,,,,,,,,,,,,,,,,,,
,,"checkAccess(allowed, _FileDacl, RequestedAccess, Process) :-
  validAccess(RequestedAccess),
  getProcessPrivileges(Process, Privs),
  hasSuperPrivilege(true, Privs).",Ext29,,,,,,,,,,,,,,,,,,,,
Data from Network Shared Drive,NFS shell,"accessFile(Prin, Client, Access, ClientPath) :-
  nfsMounted(Client, ClientPath, Server, ServerPath, read),
  accessFile(Prin, Server, Access, ServerPath)",MulVAL Base,,,,,,,,,,,,,,,,,,,,
,,"accessFile(Prin, Server, Access, Path) :-
  malicious(Prin),
  netAccess(Prin, Client, Server, rpc, 100003),
  nfsExportInfo(Server, Path, Access, Client)",MulVAL Base,,,,,,,,,,,,,,,,,,,,
,,"accessFile(Prin, Server, Access, Path) :-
  malicious(Prin),
  netAccess(Prin, Client, Server, rpc, 100003),
  nfsExportInfo(Server, Path, Client, Access, RootSquash, insecure),
  nfsUserMap(UserClient, UserServer, RootSquash),
  localFileProtection(Server, UserServer, Access, Path).",MulVAL Base,,,,,,,,,,,,,,,,,,,,
,,"accessFile(Prin, Server, Access, Path) :-
  malicious(Prin),
  netAccess(Prin, Client, Server, rpc, 100003),
  execCode(Prin, Client, root),
  nfsExportInfo(Server, Path, Client, Access, RootSquash, secure),
  nfsUserMap(UserClient, UserServer, RootSquash),
  localFileProtection(Server, UserServer, Access, Path).",MulVAL Base,,,,,,,,,,,,,,,,,,,,
,,"accessFile(Prin, Client, Access, ServerPath) :-
  nfsMounted(Client, ClientPath, Server, ServerPath, Access),
  accessFile(Prin, Server, Access, ClientPath).",MulVAL Base,,,,,,,,,,,,,,,,,,,,
,,"accessFile4(Principal, DstHost, read ,_path):-
  networkService5(DstHost, Prog, Prot, Port, NetworkServiceUser),
  aclH_p6(DstHost, NetworkServiceUser, SrcHost, DstHost, Prot, Port),
  vulHost5(DstHost, _vulID, Prog, remoteExploit, completeDataTheft),
  malicious1(Principal),
  netAccess5(Principal, SrcHost, DstHost, Prot, Port).",Ext01,,,,,,,,,,,,,,,,,,,,
,,"accessFile(P, Server, Access, SrvPath) :-
  nfsExportInfo(Server, Path, Access, Client),
  nfsMounted(Server, SrvPath, Access, Client, ClntPath),
  netAccess(P, Client, Server, rpc, 100003).
  accessFile(P, Client, Access, ClntPath).",Ext31,,,,,,,,,,,,,,,,,,,,
Data from Removable Media,,,,,,,,,,,,,,,,,,,,,,,
Data Staged,,,,,,,,,,,,,,,,,,,,,,,
Email Collection,,,,,,,,,,,,,,,,,,,,,,,
Input Capture,,,,,,,,,,,,,,,,,,,,,,,
Man in the Browser,,,,,,,,,,,,,,,,,,,,,,,
Man-in-the-Middle,,"spoofLinkHost5(Principal, ImpersonatedHost, FooledHost, AttackerHost, trafficTheft):-
  vulLinkProtocol6(ImpersonatedHost, FooledHost, _vulID, Prot,adjacent, impersonateSrc),
  l2Access6(Principal, AttackerHost, ImpersonatedHost, Prot, Zone, ipSubnet).",Ext01,,,,,,,,,,,,,,,,,,,,
,,"spoofLinkHost(Principal, ImpersonatedHost, FooledHost, AttackerHost, trafficTheft):-
  vulLinkProtocol(RelayHost, ImpersonatedHost, VulID, Prot, adjacent, impersonateDst),
  l2Access(Principal, AttackerHost, ImpersonatedHost, Prot, Subnet, ipSubnet),
  dataFlow(FooledHost,ImpersonatedHost,FlowName),
  isGateway(RelayHost,Subnet).",Ext01,,,,,,,,,,,,,,,,,,,,
,,"spoofLinkHost5(Principal, ImpersonatedHost, FooledHost, AttackerHost, deception):-
  vulLinkProtocol6(ImpersonatedHost, FooledHost, _vulID, Prot, adjacent, impersonateSrc),
  l2Connection5(AttackerHost, FooledHost, BusID, Prot,bus),
  localAccess3(Principal, AttackerHost, User),
  isMaster2(ImpersonatedHost, BusID).",Ext01,,,,,,,,,,,,,,,,,,,,
,,"spoofLinkHost5(Principal, ImpersonatedHost, FooledHost, AttackerHost, deception):-
  vulLinkProtocol6(ImpersonatedHost, FooledHost, _vulID, Prot, adjacent, impersonateSrc),
  l2Connection5(AttackerHost, FooledHost, BusID, Prot, bus),
  localAccess3(Principal, AttackerHost, User),
  isSlave2(ImpersonatedHost, BusID).",Ext01,,,,,,,,,,,,,,,,,,,,
,,"spoofE2EHost7(Principal, ImpersonatedHost, FooledHost, AttackerHost1, Prot, Port, trafficTheft):-
  isNameResolver3(NameResolver, FooledHost, ImpersonatedHost),
  vulE2EProtocol7(FooledHost, NameResolver, dnsCachePoisoning, dns, DNSProt, remoteExploit, nameresolverCachePoisoned),
  netAccess5(Principal, AttackerHost1, NameResolver, dns, DNSProt).",Ext01,,,,,,,,,,,,,,,,,,,,
,,"spoofE2EHost(Principal, ImpersonatedHost, FooledHost, AttackerHost, Prot, Port, trafficTheft):-
  isNameResolver(NameResolver, FooledHost, ImpersonatedHost),
  localAccess(Principal, NameResolver, admin),
  netAccess(Principal2, FooledHost, AttackerHost, Prot, Port),
  localAccess(Principal, AttackerHost, User).",Ext01,,,,,,,,,,,,,,,,,,,,
,,"spoofE2EHost(Principal, ImpersonatedHost, FooledHost, AttackerHost, Prot, Port, trafficTheft):-
  isNameResolver(NameResolver, FooledHost, ImpersonatedHost),
  accessFile(Principal, NameResolver, write, RecoredPath),
  dataBind(NameResolverRecord, NameResolver, RecoredPath),
  isNameResolverRecord(NameResolverRecord).",Ext01,,,,,,,,,,,,,,,,,,,,
,,"mitmLink(Principal, SrcHost, DstHost, SpoofingHost):-
  spoofLinkHost(Principal, SrcHost, DstHost, SpoofingHost, trafficTheft),
  spoofLinkHost(Principal, DstHost, SrcHost, SpoofingHost, trafficTheft).",Ext01,,,,,,,,,,,,,,,,,,,,
,,"mitmE2E(Principal, SrcHost, DstHost, SpoofingHost, Prot, Port):-
  spoofE2EHost(Principal, SrcHost, DstHost, SpoofingHost, Prot, Port, trafficTheft),
  spoofE2EHost(Principal, DstHost, SrcHost, SpoofingHost, Prot, Port, trafficTheft).",Ext01,,,,,,,,,,,,,,,,,,,,
,,"principalCompromised(Victim) :-
  hasAccount(Victim, RemoteHost, User),
  attackerLocated(Subnet),
  hacl(Subnet, H, _anyProtocol, _anyPort),
  networkServiceInfo(H, arpd, _protocol, _port, _),
  vulExists(H, arpSpoofVuln, arpd, remoteExploit, arpSpoof),
  logInService(RemoteHost, Protocol, Port),
  flowExists(H, RemoteHost, Protocol, Port, User).
logInService(H, Protocol, Port) :-
  networkServiceInfo(H, ftpd, Protocol, Port, _).",Ext09,,,,,,,,,,,,,,,,,,,,
,,"principalCompromised(Victim) :-
  hasAccount(Victim, RemoteHost, User),
  networkServiceInfo(H, nrlolsr, olsr, _no_port, _user),
  vulExists(H, nrlolsrVul, nrlolsr, remoteExploit, nrlolsrHijack),
  logInService(RemoteHost, Protocol, Port),
  flowExists(H, RemoteHost, Protocol, Port, User).",Ext09,,,,,,,,,,,,,,,,,,,,
,,"canReceiveFile(HostRX, FileName, HostTX) :-
  notSame(HostRX, HostTX),
  vulExists(HostTX, _, Software, remoteExploit, spoofResponse),
  networkServiceInfo(HostTX, Software, Protocol, Port),
  netAccess(HostTX, HostRX, Protocol, Port),
  execCode(_, HostRX, _),
  sendsFile(HostTX, _, FileName, Software).",Ext24,,,,,,,,,,,,,,,,,,,,
,,"canReceiveFile(HostRX, FileName, HostTX) :-
  notSame(HostRX, HostTX),
  vulExists(HostTX, _, Software, remoteExploit, spoofResponse),
  networkServiceInfo(HostTX, Software, Protocol, Port),
  netAccess(HostTX, HostRX, Protocol, Port),
  attackerLocated(HostRX),
  sendsFile(HostTX, _, FileName, Software).",Ext24,,,,,,,,,,,,,,,,,,,,
,,"dataTransitsThrough(Host, FileName) :-
  firstHop(TXhost, Host),
  firstHop(RXhost, Host),
  sendsFile(TXhost, RXhost, FileName, TxSoftware),
  listenForFiles(RXhost, RxSoftware).",Ext24,,,,,,,,,,,,,,,,,,,,
,,"manInTheMiddle(Host, Tx, Rx) :-
  sendsFile(Tx, Rx, FileName, _Software),
  dataTransitsThrough(Host, FileName),
  execCode(_, Host, _).",Ext24,,,,,,,,,,,,,,,,,,,,
,,"manInTheMiddle(Host, Tx, Rx) :-
  execCode(_, Host, _),
  canReceiveFile(Host, FileName, Tx),
  canSendFile(Host, Rx, _).",Ext24,,,,,,,,,,,,,,,,,,,,
,,"manInTheMiddle(Host, Tx, Rx) :-
  attackerLocated(Host),
  canReceiveFile(Host, FileName, Tx),
  canSendFile(Host, Rx, _).",Ext24,,,,,,,,,,,,,,,,,,,,
Screen Capture,,,,,,,,,,,,,,,,,,,,,,,
Video Capture,,,,,,,,,,,,,,,,,,,,,,,
Command and Control,,,,,,,,,,,,,,,,,,,,,,,
Application Layer Protocol,,,,,,,,,,,,,,,,,,,,,,,
Communication Through Removable Media,,,,,,,,,,,,,,,,,,,,,,,
Data Encoding,,,,,,,,,,,,,,,,,,,,,,,
Data Obfuscation,,,,,,,,,,,,,,,,,,,,,,,
Dynamic Resolution,,,,,,,,,,,,,,,,,,,,,,,
Encrypted Channel,,,,,,,,,,,,,,,,,,,,,,,
Fallback Channels,,,,,,,,,,,,,,,,,,,,,,,
Ingress Tool Transfer,,,,,,,,,,,,,,,,,,,,,,,
Multi-Stage Channels,,,,,,,,,,,,,,,,,,,,,,,
Non-Application Layer Protocol,,,,,,,,,,,,,,,,,,,,,,,
Non-Standard Port,,,,,,,,,,,,,,,,,,,,,,,
Protocol Tunneling,,,,,,,,,,,,,,,,,,,,,,,
Proxy,,,,,,,,,,,,,,,,,,,,,,,
Remote Access Software,,,,,,,,,,,,,,,,,,,,,,,
Traffic Signaling,,,,,,,,,,,,,,,,,,,,,,,
Web Service,,,,,,,,,,,,,,,,,,,,,,,
Exfiltration,,,,,,,,,,,,,,,,,,,,,,,
Automated Exfiltration,,,,,,,,,,,,,,,,,,,,,,,
Data Transfer Size Limits,,,,,,,,,,,,,,,,,,,,,,,
Exfiltration Over Alternative Protocol,,"leakInfo(Host, code) :-
  execCode(Host, _Perm),
  vulExists(Host, _, Software, _, readcode).",Ext23,,,,,,,,,,,,,,,,,,,,
,,"leakInfo(Host, file) :-
  execCode(Host, _Perm),
  vulExists(Host, _, Software, _, readfile).",Ext23,,,,,,,,,,,,,,,,,,,,
,,"leakInfo(Host, data) :-
  execCode(Host, _Perm),
  vulExists(Host, _, Software, _, readdata).",Ext23,,,,,,,,,,,,,,,,,,,,
Exfiltration Over C2 Channel,,,,,,,,,,,,,,,,,,,,,,,
Exfiltration Over Other Network Medium,,"vulnerableToDataExfiltration(Tgt, Src) :-
  attackerLocated(Src), 
  netAccess(Src, Tgt, _Protocol, _Port),
  execCode(Src, Tgt,_).",Ext24,,,,,,,,,,,,,,,,,,,,
,,"vulnerableToDataExfiltration(Tgt, Host) :-
  notSame(Host, Tgt),
  notSame(Host, Atk),
  attackerLocated(Atk),
  netAccess(Atk, Host, _Protocol, _Port),
  pivotPoint(Host, Tgt),
  execCode(Host, Tgt, _).",Ext24,,,,,,,,,,,,,,,,,,,,
,,"vulnerableToDataExfiltration(Tgt, Atk) :-
  attackerLocated(Atk),
  notSame(Atk, Tgt),
  canReceiveFile(Atk, _, Tgt).",Ext24,,,,,,,,,,,,,,,,,,,,
,,"vulnerableToDataExfiltration(Tgt, Host) :-
  attackerLocated(Atk),
  netAccess(Atk, Host, _Protocol, _Port),
  notSame(Host, Tgt),
  canReceiveFile(Host, _, Tgt).",Ext24,,,,,,,,,,,,,,,,,,,,
,,"vulnerableToDataExfiltration(Tgt, Atk) :-
  attackerLocated(Atk),
  notSame(Atk, Tgt),
  manInTheMiddle(Atk, _, Tgt).",Ext24,,,,,,,,,,,,,,,,,,,,
,,"vulnerableToDataExfiltration(Tgt, Host) :-
  attackerLocated(Atk),
  netAccess(Atk, Host, _Protocol, _Port),
  notSame(Host, Tgt),
  manInTheMiddle(Host, _, Tgt).",Ext24,,,,,,,,,,,,,,,,,,,,
Exfiltration Over Physical Medium,,"execCode(Host, Perm) :-
  vulExists(Host, _, Software, _, privEscalation),
  localService(Host, Software, Perm),
  usbMounted(Host, USB_Drive),
  malwareLocated(USB_Drive).",Ext25-Ext26,,,,,,,,,,,,,,,,,,,,
Exfiltration Over Web Service,,,,,,,,,,,,,,,,,,,,,,,
Scheduled Transfer,,,,,,,,,,,,,,,,,,,,,,,
Transfer Data to Cloud Account,,,,,,,,,,,,,,,,,,,,,,,
Impact,,,,,,,,,,,,,,,,,,,,,,,
Account Access Removal,,,,,,,,,,,,,,,,,,,,,,,
Data Destruction,,,,,,,,,,,,,,,,,,,,,,,
Data Encrypted for Impact,,,,,,,,,,,,,,,,,,,,,,,
Data Manipulation,,"dataInject(Principal, DstHost, Path2):-
  accessFile(Principal, SrcHost, write, Path1),
  dataBind(Flow, SrcHost, Path1),
  dataFlow(SrcHost, DstHost, Flow),
  dataBind (Flow, DstHost, Path2).",Ext03,,,,,,,,,,,,,,,,,,,,
,,"tamperInfo(Host, Res) :-
  execCode(Host, _Perm),
  vulExists(Host, _, Software, _, Act),
  modifyInfoAct(Act, Res).",Ext23,,,,,,,,,,,,,,,,,,,,
,,"execArbitraryCode(Host, _Perm) :-
  execCode(Host, _Perm),
  vulExists(Host, _, Software, _, writecode).",Ext23,,,,,,,,,,,,,,,,,,,,
Defacement,,,,,,,,,,,,,,,,,,,,,,,
Disk Wipe,,"canDeleteDoc(Comp ) :-
  canSpoofUsr(Comp),
  canLeakDoc(Comp).",Ext37,,,,,,,,,,,,,,,,,,,,
Endpoint Denial of Service,,"dos(Principal, Host):-
  localAccess(Principal,Host,User),
  localService(Host,Prog,User),
  vulHost(Host,VulID,Prog,localExploit,dos),
  malicious(Principal).",Ext01,,,,,,,,,,,,,,,,,,,,
,,"dos2(Principal, DstHost):-
  malicious1(Principal),
  l2Access6(Principal, SrcHost, DstHost, Prot, BusID, bus).",Ext01,,,,,,,,,,,,,,,,,,,,
,,"systemDown(Host) :-
  execCode(Host, _Perm2),
  vulExists(Host, _, Software, localExploit, Overuse),
  misuseAction(Overuse).",Ext23,,,,,,,,,,,,,,,,,,,,
Firmware Corruption,,,,,,,,,,,,,,,,,,,,,,,
Inhibit System Recovery,,,,,,,,,,,,,,,,,,,,,,,
Network Denial of Service,,"dos2(Principal, DstHost):-
  networkService5(DstHost, Prog, Prot, Port, NetworkServiceUser),
  aclH6(DstHost, NetworkServiceUser, SrcHost, DstHost, Prot, Port),
  vulHost5(DstHost, _vulID, Prog, remoteExploit, dos),
  malicious1(Principal),
  netAccess5(Principal, SrcHost, DstHost,Prot, Port).",Ext01,,,,,,,,,,,,,,,,,,,,
,,"systemDown(Host) :-
  vulExists(Host, _, Software, remoteExploit, Overuse),
  networkServiceInfo(Host, Software, Protocol, Port, Perm),
  netAccess(Host, Protocol, Port),
  misuseAction(Overuse).",Ext23,,,,,,,,,,,,,,,,,,,,
,,"canDoS(Src, Tgt, Software) :-
  vulExists(Tgt, _, Software, remoteExploit, poorCongestionControl),
  canSendFile(Src, Tgt, Software).",Ext24,,,,,,,,,,,,,,,,,,,,
,,"vulnerableToDoS(Tgt, Src) :-
  attackerLocated(Src),
  netAccess(Src, Tgt, _Protocol, _Port),
  execCode(Src, Tgt, _Perm).",Ext24,,,,,,,,,,,,,,,,,,,,
,,"vulnerableToDoS(Tgt, Host) :-
  notSame(Host, Tgt),
  notSame(Host, Atk),
  attackerLocated(Atk),
  netAccess(Atk, Host, _Protocol, _Port),
  pivotPoint(Host, Tgt),
  execCode(Host, Tgt, _Perm).",Ext24,,,,,,,,,,,,,,,,,,,,
,,"vulnerableToDoS(Tgt, Atk) :-
  attackerLocated(Atk),
  notSame(Atk, Tgt),
  canDoS(Atk, Tgt, _).",Ext24,,,,,,,,,,,,,,,,,,,,
,,"vulnerableToDoS(Tgt, Src) :-
  attackerLocated(Atk),
  netAccess(Atk, Src, _Protocol, _Port),
  notSame(Src, Tgt),
  canDoS(Src, Tgt, _).",Ext24,,,,,,,,,,,,,,,,,,,,
,,"vulnerableToDoS(Tgt, Atk) :-
  attackerLocated(Atk),
  notSame(Atk, Tgt),
  manInTheMiddle(Atk, _, Tgt).",Ext24,,,,,,,,,,,,,,,,,,,,
,,"vulnerableToDoS(Tgt, Host) :-
  attackerLocated(Atk),
  netAccess(Atk, Host, _Protocol, _Port),
  notSame(Host, Tgt),
  manInTheMiddle(Host, _, Tgt).",Ext24,,,,,,,,,,,,,,,,,,,,
Resource Hijacking,,,,,,,,,,,,,,,,,,,,,,,
Service Stop,,,,,,,,,,,,,,,,,,,,,,,
System Shutdown/Reboot,,,,,,,,,,,,,,,,,,,,,,,
"Specific to 3D printing, doesn't exist in MITRE yet",,,,,,,,,,,,,,,,,,,,,,,
,,"vulnerableToMakingDefectiveParts(Tgt, Atk) :-
  attackerLocated(Src),
  netAccess(Src, Tgt, _Protocol, _Port),
  execCode(Src, Tgt,_).",Ext24,,,,,,,,,,,,,,,,,,,,
,,"vulnerableToMakingDefectiveParts(Tgt, Host) :-
  notSame(Host, Tgt),
  notSame(Host, Atk),
  attackerLocated(Atk),
  netAccess(Atk, Host, _Protocol, _Port),
  pivotPoint(Host, Tgt),
  execCode(Host, Tgt, _).",Ext24,,,,,,,,,,,,,,,,,,,,
,,"vulnerableToMakingDefectiveParts(Tgt, Atk) :-
  attackerLocated(Atk),
  notSame(Atk, Tgt),
  canSendFile(Atk, Tgt, _).",Ext24,,,,,,,,,,,,,,,,,,,,
,,"vulnerableToMakingDefectiveParts(Tgt, Src) :-
  attackerLocated(Atk),
  netAccess(Atk, Src, _Protocol, _Port),
  notSame(Src, Tgt),
  canSendFile(Src, Tgt, _).",Ext24,,,,,,,,,,,,,,,,,,,,
,,"vulnerableToMakingDefectiveParts(Tgt, Atk) :-
  attackerLocated(Atk),
  notSame(Atk, Tgt),
  manInTheMiddle(Atk, _, Tgt).",Ext24,,,,,,,,,,,,,,,,,,,,
,,"vulnerableToMakingDefectiveParts(Tgt, Host) :-
  attackerLocated(Atk),
  netAccess(Atk, Host, _Protocol ,_Port),
  notSame(Host, Tgt),
  manInTheMiddle(Host, _, Tgt).",Ext24,,,,,,,,,,,,,,,,,,,,
"Specific to Machine Learning, doesn't exist in MITRE yet",,,,,,,,,,,,,,,,,,,,,,,
,,"evasionAttack4(Principal, PiplineID, ModelID, tampering) :-
  malicious_p1(Principal),
  model_p7(PiplineID, AlgorithmID, ModelID, ModelHost, TrainingDataID, LabelsDataID, ValidationDataID),
  vulModel_p5(PiplineID, AlgorithmID, ModelID, ModelHost, evasionAttackVulnerability),
  completeKnowledge3(Principal, PiplineID, ModelID).",Ext38,,,,,,,,,,,,,,,,,,,,
,,"evasionAttack4(Principal, PiplineID, ModelID, tampering) :-
  malicious_p1(Principal),
  model_p7(PiplineID, AlgorithmID, ModelID, ModelHost, TrainingDataID, LabelsDataID, ValidationDataID),
  vulModel_p5(PiplineID, AlgorithmID, ModelID, ModelHost, evasionAttackVulnerability),
  queryAccess5(Principal, PiplineID, ModelID, score, full),
  taskKnowledge4(Principal, PiplineID, ModelID, KnowledgeLevel).",Ext38,,,,,,,,,,,,,,,,,,,,
,,"evasionAttack4(Principal, PiplineID, ModelID, tampering) :-
  malicious_p1(Principal),
  model_p7(PiplineID, AlgorithmID, ModelID, ModelHost, TrainingDataID, LabelsDataID, ValidationDataID),
  vulModel_p5(PiplineID, AlgorithmID, ModelID, ModelHost, evasionAttackVulnerability),
  queryAccess5(Principal, PiplineID, ModelID, decision, full),
  taskKnowledge4(Principal, PiplineID, ModelID, KnowledgeLevel).",Ext38,,,,,,,,,,,,,,,,,,,,
,,"evasionAttack4(Principal, PiplineID, ModelID, tampering) :-
  malicious_p1(Principal),
  model_p7(PiplineID, AlgorithmID, ModelID, ModelHost, TrainingDataID, LabelsDataID, ValidationDataID),
  vulModel_p5(PiplineID, AlgorithmID, ModelID, ModelHost, evasionAttackVulnerability),
  surrogateDataAccess4(Principal, PiplineID, ModelID, limited),
  queryAccess5(Principal, PiplineID, ModelID, decision, full),
  dataPropertiesKnowledge4(Principal, PiplineID, ModelID, full),
  taskKnowledge4(Principal, PiplineID, ModelID, full).",Ext38,,,,,,,,,,,,,,,,,,,,
,,"evasionAttack4(Principal, PiplineID, ModelID, tampering) :-
  malicious_p1(Principal),
  model_p7(PiplineID, AlgorithmID, ModelID, ModelHost, TrainingDataID, LabelsDataID, ValidationDataID),
  vulModel_p5(PiplineID, AlgorithmID, ModelID, ModelHost, evasionAttackVulnerability),
  queryAccess5(Principal, PiplineID, ModelID, decision, full),
  trainingDataKnowledge5(Principal, PiplineID, ModelID, TrainingDataID, full),
  rawDataKnowledge5(Principal, PiplineID, ModelID, RawDataID, full),
  dataPropertiesKnowledge4(Principal, PiplineID, ModelID, full),
  taskKnowledge4(Principal, PiplineID, ModelID, full).",Ext38,,,,,,,,,,,,,,,,,,,,
,,"evasionAttack4(Principal, PiplineID, ModelID, tampering) :-
  malicious_p1(Principal),
  model_p7(PiplineID, AlgorithmID, ModelID, ModelHost, TrainingDataID, LabelsDataID, ValidationDataID),
  modelRetrainedContinuously_p2(PiplineID,  ModelID),
  vulModel_p5(PiplineID, AlgorithmID, ModelID, ModelHost, evasionAttackVulnerability),
  rawDataAccess6(Principal, PiplineID, ModelID, RawDataID, write, limited),
  trainingDataAccess6(Principal, PiplineID, ModelID, TrainingDataID, write,limited),
  labeledDataAccess6(Principal, PiplineID, ModelID, LabeledDataID, write, limited),
  queryAccess5(Principal, PiplineID, ModelID, decision, limited),
  completeKnowledge3(Principal, PiplineID, ModelID).",Ext38,,,,,,,,,,,,,,,,,,,,
,,"evasionAttack4(Principal, PiplineID, ModelID, tampering) :-
  malicious_p1(Principal),
  model_p7(PiplineID, AlgorithmID, ModelID, ModelHost, TrainingDataID, LabelsDataID, ValidationDataID),
  modelRetrainedContinuously_p2(PiplineID, ModelID),
  vulModel_p5(PiplineID, AlgorithmID, ModelID, ModelHost, evasionAttackVulnerability),
  rawDataAccess6(Principal, PiplineID, ModelID, RawDataID, _, limited),
  trainingDataAccess6(Principal, PiplineID, ModelID, TrainingDataID, write, limited),
  labeledDataAccess6(Principal, PiplineID, ModelID, LabeledDataID, write, limited),
  surrogateDataAccess4(Principal, PiplineID, ModelID, full),
  queryAccess5(Principal, PiplineID, ModelID, decision, limited),
  trainingDataKnowledge5(Principal, PiplineID, ModelID, TrainingDataID, full),
  dataPropertiesKnowledge4(Principal, PiplineID, ModelID, full),
  taskKnowledge4(Principal, PiplineID, ModelID, full).",Ext38,,,,,,,,,,,,,,,,,,,,
,,"evasionAttack4(Principal, PiplineID, ModelID, tampering) :-
  malicious_p1(Principal),
  model_p7(PiplineID, AlgorithmID, ModelID, ModelHost, TrainingDataID, LabelsDataID, ValidationDataID),
  modelRetrainedContinuously_p2(PiplineID, ModelID),
  vulModel_p5(PiplineID, AlgorithmID, ModelID, ModelHost, evasionAttackVulnerability),
  rawDataAccess6(Principal, PiplineID, ModelID, RawDataID, write, limited),
  trainingDataAccess6(Principal, PiplineID, ModelID, TrainingDataID, write, limited),
  labeledDataAccess6(Principal, PiplineID, ModelID, LabeledDataID, write, limited),
  queryAccess5(Principal, PiplineID, ModelID, decision, limited),
  completeKnowledge3(Principal, PiplineID, ModelID).",Ext38,,,,,,,,,,,,,,,,,,,,
,,"evasionAttack4(Principal, PiplineID, ModelID, tampering) :-
  malicious_p1(Principal),
  model_p7(PiplineID, AlgorithmID, ModelID, ModelHost, TrainingDataID, LabelsDataID, ValidationDataID),
  modelRetrainedContinuously_p2(PiplineID, ModelID),
  vulModel_p5(PiplineID, AlgorithmID, ModelID, ModelHost, evasionAttackVulnerability),
  rawDataAccess6(Principal, PiplineID, ModelID, RawDataID, write, limited),
  trainingDataAccess6(Principal, PiplineID, ModelID, TrainingDataID, write, limited),
  labeledDataAccess6(Principal, PiplineID,ModelID, LabeledDataID, write, limited),
  surrogateDataAccess4(Principal, PiplineID, ModelID, full),
  queryAccess5(Principal, PiplineID, ModelID, decision, limited),
  trainingDataKnowledge5(Principal, PiplineID, ModelID, TrainingDataID, full),
  dataPropertiesKnowledge4(Principal, PiplineID, ModelID, full),
  taskKnowledge4(Principal, PiplineID, ModelID, full).",Ext38,,,,,,,,,,,,,,,,,,,,
,,"mlModelCorruptionAttack3(Principal, PiplineID, ModelID, tampering_dos) :-
  malicious_p1(Principal),
  model_p7(PiplineID, AlgorithmID, ModelID, ModelHost, TrainingDataID, LabelsDataID, ValidationDataID),
  modelRetrainedContinuously_p2(PiplineID, ModelID),
  vulModel_p5(PiplineID, AlgorithmID, ModelID, ModelHost, evasionAttackVulnerability),
  rawDataAccess6(Principal, PiplineID, ModelID, RawDataID, write, limited),
  trainingDataAccess6(Principal, PiplineID, ModelID, TrainingDataID, write, limited),
  labeledDataAccess6(Principal, PiplineID, ModelID, LabeledDataID, write, limited),
  queryAccess5(Principal, PiplineID, ModelID, decision, limited),
  completeKnowledge3(Principal, PiplineID, ModelID).",Ext38,,,,,,,,,,,,,,,,,,,,
,,"mlModelCorruptionAttack3(Principal, PiplineID, ModelID, tampering_dos) :-
  malicious_p1(Principal),
  model_p7(PiplineID, AlgorithmID, ModelID, ModelHost, TrainingDataID, LabelsDataID, ValidationDataID),
  modelRetrainedContinuously_p2(PiplineID, ModelID),
  vulModel_p5(PiplineID, AlgorithmID, ModelID, ModelHost, _),
  rawDataAccess6(Principal, PiplineID, ModelID, RawDataID, write, limited),
  trainingDataAccess6(Principal, PiplineID, ModelID, TrainingDataID, write, limited),
  labeledDataAccess6(Principal, PiplineID, ModelID, LabeledDataID, write, limited),
  surrogateDataAccess4(Principal, PiplineID, ModelID, full),
  queryAccess5(Principal, PiplineID, ModelID, decision, limited),
  trainingDataKnowledge5(Principal, PiplineID, ModelID, TrainingDataID, full),
  dataPropertiesKnowledge4(Principal, PiplineID, ModelID, full),
  taskKnowledge4(Principal, PiplineID, ModelID, full).",Ext38,,,,,,,,,,,,,,,,,,,,
,,"mlModelCorruptionAttack3(Principal, PiplineID, ModelID, tampering_dos) :-
  malicious_p1(Principal),
  model_p7(PiplineID, AlgorithmID, ModelID, ModelHost, TrainingDataID, LabelsDataID, ValidationDataID),
  modelRetrainedContinuously_p2(PiplineID, ModelID),
  vulModel_p5(PiplineID, AlgorithmID, ModelID, ModelHost, evasionAttackVulnerability),
  rawDataAccess6(Principal, PiplineID, ModelID, RawDataID, write, limited),
  trainingDataAccess6(Principal, PiplineID, ModelID, TrainingDataID, write, limited),
  labeledDataAccess6(Principal, PiplineID, ModelID, LabeledDataID, write, limited),
  queryAccess5(Principal, PiplineID, ModelID, decision, limited),
  completeKnowledge3(Principal, PiplineID, ModelID).",Ext38,,,,,,,,,,,,,,,,,,,,
,,"mlModelCorruptionAttack3(Principal, PiplineID, ModelID, tampering_dos) :-
  malicious_p1(Principal),
  model_p7(PiplineID, AlgorithmID, ModelID, ModelHost, TrainingDataID, LabelsDataID, ValidationDataID),
  modelRetrainedContinuously_p2(PiplineID, ModelID),
  vulModel_p5(PiplineID, AlgorithmID, ModelID, ModelHost, _),
  rawDataAccess6(Principal, PiplineID, ModelID, RawDataID, write, limited),
  trainingDataAccess6(Principal, PiplineID, ModelID, TrainingDataID, write, limited),
  labeledDataAccess6(Principal, PiplineID, ModelID, LabeledDataID, write, limited),
  surrogateDataAccess4(Principal, PiplineID, ModelID, full),
  queryAccess5(Principal, PiplineID, ModelID, decision, limited),
  trainingDataKnowledge5(Principal, PiplineID, ModelID, TrainingDataID, full),
  dataPropertiesKnowledge4(Principal, PiplineID, ModelID, full),
  taskKnowledge4(Principal, PiplineID, ModelID, full).",Ext38,,,,,,,,,,,,,,,,,,,,
,,"membershipInferenceAttack4(Principal, PiplineID, ModelID, informationDisclosure) :-
  malicious_p1(Principal),
  model_p7(PiplineID, AlgorithmID, ModelID, ModelHost, TrainingDataID, LabelsDataID, ValidationDataID),
  vulModel_p5(PiplineID, AlgorithmID, ModelID, ModelHost, membershipInferenceAttackVulnerability),
  rawDataAccess6(Principal, PiplineID, ModelID, RawDataID, _, limited),
  trainingDataAccess6(Principal, PiplineID, ModelID, TrainingDataID, _, limited),
  queryAccess5(Principal, PiplineID, ModelID, decision, full),
  trainingDataKnowledge5(Principal, PiplineID, ModelID, TrainingDataID, partial),
  taskKnowledge4(Principal, PiplineID, ModelID, full).",Ext38,,,,,,,,,,,,,,,,,,,,
,,"membershipInferenceAttack4(Principal, PiplineID, ModelID, informationDisclosure) :-
  malicious_p1(Principal),
  model_p7(PiplineID, AlgorithmID, ModelID, ModelHost, TrainingDataID, LabelsDataID, ValidationDataID),
  modelRetrainedContinuously_p2(PiplineID, ModelID),
  vulModel_p5(PiplineID, AlgorithmID, ModelID, ModelHost, membershipInferenceAttackVulnerability),
  modelAccess5(Principal, PiplineID, ModelID, _, full),
  predictionsAccess6(Principal, PiplineID, ModelID, PredictionsDataID, _, full),
  rawDataAccess6(Principal, PiplineID, ModelID, RawDataID, write, limited),
  trainingDataAccess6(Principal, PiplineID, ModelID, TrainingDataID, write, limited),
  queryAccess5(Principal, PiplineID, ModelID, score, full),
  modelKnowledge4(Principal, PiplineID, ModelID, full),
  hyperparametersKnowledge4(Principal, PiplineID, ModelID, full),
  algorithmKnowledge4(Principal, PiplineID, ModelID, full),
  trainingDataKnowledge5(Principal, PiplineID, ModelID, TrainingDataID, partial),
  taskKnowledge4(Principal, PiplineID, ModelID, full).",Ext38,,,,,,,,,,,,,,,,,,,,
,,"membershipInferenceAttack4(Principal, PiplineID, ModelID, informationDisclosure) :-
  malicious_p1(Principal),
  model_p7(PiplineID, AlgorithmID, ModelID, ModelHost, TrainingDataID, LabelsDataID, ValidationDataID),
  vulModel_p5(PiplineID, AlgorithmID, ModelID, ModelHost, membershipInferenceAttackVulnerability),
  rawDataAccess6(Principal, PiplineID, ModelID, RawDataID, _, full),
  trainingDataAccess6(Principal, PiplineID, ModelID, TrainingDataID ,_, full),
  labeledDataAccess6(Principal, PiplineID, ModelID, LabeledDataID, _, full).",Ext38,,,,,,,,,,,,,,,,,,,,
,,"dataPropertyInferenceAttack4(Principal, PiplineID, ModelID, informationDisclosure) :-
  malicious_p1(Principal),
  model_p7(PiplineID, AlgorithmID, ModelID, ModelHost, TrainingDataID, LabelsDataID, ValidationDataID),
  vulModel_p5(PiplineID, AlgorithmID, ModelID, ModelHost, dataPropertyInferenceAttackVulnerability),
  rawDataAccess6(Principal, PiplineID, ModelID, RawDataID, _, limited),
  trainingDataAccess6(Principal, PiplineID, ModelID, TrainingDataID ,_, limited),
  queryAccess5(Principal, PiplineID, ModelID, _, full),
  trainingDataKnowledge5(Principal, PiplineID, ModelID, TrainingDataID, partial),
  taskKnowledge4(Principal, PiplineID, ModelID, partial).",Ext38,,,,,,,,,,,,,,,,,,,,
,,"dataPropertyInferenceAttack4(Principal, PiplineID, ModelID, informationDisclosure) :-
  malicious_p1(Principal),
  model_p7(PiplineID, AlgorithmID, ModelID, ModelHost, TrainingDataID, LabelsDataID, ValidationDataID),
  vulModel_p5(PiplineID, AlgorithmID, ModelID, ModelHost, dataPropertyInferenceAttackVulnerability),
  rawDataAccess6(Principal, PiplineID, ModelID, RawDataID, _, full),
  trainingDataAccess6(Principal, PiplineID, ModelID, TrainingDataID, _, full),
  labeledDataAccess6(Principal, PiplineID, ModelID, LabeledDataID, _, full).",Ext38,,,,,,,,,,,,,,,,,,,,
,,"dataReconstructionAttack4(Principal, PiplineID, ModelID, informationDisclosure) :-
  malicious_p1(Principal),
  model_p7(PiplineID, AlgorithmID, ModelID, ModelHost, TrainingDataID, LabelsDataID, ValidationDataID),
  vulModel_p5(PiplineID, AlgorithmID, ModelID, ModelHost, dataReconstructionAttackVulnerability),
  modelAccess5(Principal, PiplineID, ModelID, _, limited),
  predictionsAccess6(Principal, PiplineID, ModelID, PredictionsDataID, _, limited),
  rawDataAccess6(Principal, PiplineID, ModelID, RawDataID, _, limited),
  trainingDataAccess6(Principal, PiplineID, ModelID, TrainingDataID, _, limited),
  queryAccess5(Principal, PiplineID, ModelID, _, full),
  modelKnowledge4(Principal, PiplineID, ModelID, full),
  trainingDataKnowledge5(Principal, PiplineID, ModelID, TrainingDataID, partial),
  rawDataKnowledge5(Principal, PiplineID, ModelID, RawDataID, partial),
  taskKnowledge4(Principal, PiplineID, ModelID, partial).",Ext38,,,,,,,,,,,,,,,,,,,,
,,"dataReconstructionAttack4(Principal, PiplineID, ModelID, informationDisclosure) :-
  malicious_p1(Principal),
  model_p7(PiplineID, AlgorithmID, ModelID, ModelHost, TrainingDataID, LabelsDataID, ValidationDataID),
  vulModel_p5(PiplineID, AlgorithmID, ModelID, ModelHost, dataReconstructionAttackVulnerability),
  modelAccess5(Principal, PiplineID, ModelID, _, limited),
  predictionsAccess6(Principal, PiplineID, ModelID, PredictionsDataID, _, limited),
  rawDataAccess6(Principal, PiplineID, ModelID, RawDataID, _, limited),
  trainingDataAccess6(Principal, PiplineID, ModelID, TrainingDataID, _, limited),
  queryAccess5(Principal, PiplineID, ModelID, _, full),
  modelKnowledge4(Principal, PiplineID, ModelID, full),
  trainingDataKnowledge5(Principal, PiplineID, ModelID, TrainingDataID, partial),
  rawDataKnowledge5(Principal, PiplineID, ModelID, RawDataID, partial),
  taskKnowledge4(Principal, PiplineID, ModelID, partial).",Ext38,,,,,,,,,,,,,,,,,,,,
,,"dataReconstructionAttack4(Principal, PiplineID, ModelID, informationDisclosure) :-
  malicious_p1(Principal),
  model_p7(PiplineID, AlgorithmID, ModelID, ModelHost, TrainingDataID, LabelsDataID, ValidationDataID),
  vulModel_p5(PiplineID, AlgorithmID, ModelID, ModelHost, dataReconstructionAttackVulnerability),
  rawDataAccess6(Principal, PiplineID,ModelID, RawDataID, _, limited),
  trainingDataAccess6(Principal, PiplineID, ModelID, TrainingDataID, _, limited),
  queryAccess5(Principal, PiplineID, ModelID, _, full),
  trainingDataKnowledge5(Principal, PiplineID, ModelID, TrainingDataID, partial),
  rawDataKnowledge5(Principal, PiplineID, ModelID, RawDataID, partial),
  taskKnowledge4(Principal, PiplineID, ModelID, partial).",Ext38,,,,,,,,,,,,,,,,,,,,
,,"dataReconstructionAttack4(Principal, PiplineID, ModelID, informationDisclosure) :-
  malicious_p1(Principal),
  model_p7(PiplineID, AlgorithmID, ModelID, ModelHost, TrainingDataID, LabelsDataID, ValidationDataID),
  rawDataAccess6(Principal, PiplineID, ModelID, RawDataID, _, full),
  trainingDataAccess6(Principal, PiplineID, ModelID, TrainingDataID, _, full),
  labeledDataAccess6(Principal, PiplineID, ModelID, LabeledDataID, _, full).",Ext38,,,,,,,,,,,,,,,,,,,,
,,"modelExtractionAttack4(Principal, PiplineID, ModelID, informationDisclosure) :-
  malicious_p1(Principal),
  model_p7(PiplineID, AlgorithmID, ModelID, ModelHost, TrainingDataID, LabelsDataID, ValidationDataID),
  vulModel_p5(PiplineID, AlgorithmID, ModelID, ModelHost, modelExtractionAttackVulnerability),
  queryAccess5(Principal, PiplineID,ModelID, _, full),
  trainingDataKnowledge5(Principal, PiplineID, ModelID, TrainingDataID, partial),
  rawDataKnowledge5(Principal, PiplineID, ModelID, RawDataID, partial),
  taskKnowledge4(Principal, PiplineID, ModelID, partial).",Ext38,,,,,,,,,,,,,,,,,,,,
,,"modelExtractionAttack4(Principal, PiplineID, ModelID, informationDisclosure) :-
  malicious_p1(Principal),
  model_p7(PiplineID, AlgorithmID, ModelID, ModelHost, TrainingDataID, LabelsDataID, ValidationDataID),
  vulModel_p5(PiplineID, AlgorithmID, ModelID, ModelHost, modelExtractionAttackVulnerability),
  modelAccess5(Principal, PiplineID, ModelID, _, full).",Ext38,,,,,,,,,,,,,,,,,,,,
,,"labelManipulationAttack3(Principal, PiplineID, ModelID) :-
  malicious_p1(Principal),
  model_p7(PiplineID, AlgorithmID, ModelID, ModelHost, TrainingDataID, LabelsDataID, ValidationDataID),
  vulModel_p5(PiplineID, AlgorithmID, ModelID, ModelHost, labelManipulationAttackVulnerability),
  modelRetrainedContinuously_p2(PiplineID, ModelID),
  completeKnowledge3(Principal, PiplineID, ModelID),
  manipulateTrainingData3(Principal, PiplineID, ModelID).",Ext38,,,,,,,,,,,,,,,,,,,,
,,"labelManipulationAttack3(Principal, PiplineID, ModelID) :-
  malicious_p1(Principal),
  model_p7(PiplineID, AlgorithmID, ModelID, ModelHost, TrainingDataID, LabelsDataID, ValidationDataID),
  vulModel_p5(PiplineID, AlgorithmID, ModelID, ModelHost, labelManipulationAttackVulnerability),
  modelRetrainedContinuously_p2(PiplineID, ModelID),
  externalSourceLabeling_p3(TrainingDataID, LabelingServiceId, false),
  hasAccessToLabelingService_p2(Principal, LabelingServiceId),
  completeKnowledge3(Principal, PiplineID, ModelID).",Ext38,,,,,,,,,,,,,,,,,,,,
,,"labelManipulationAttack3(Principal, PiplineID, ModelID) :-
  malicious_p1(Principal),
  model_p7(PiplineID, AlgorithmID, ModelID, ModelHost, TrainingDataID, LabelsDataID, ValidationDataID),
  vulModel_p5(PiplineID, AlgorithmID, ModelID, ModelHost, labelManipulationAttackVulnerability),
  modelRetrainedContinuously_p2(PiplineID, ModelID),
  externalSourceLabeling_p3(TrainingDataID, LabelingServiceId, true),
  hasAccessToLabelingService_p2(Principal, LabelingServiceId),
  knowDataValidationMethod_p2(Principal, LabelingServiceId),
  completeKnowledge3(Principal, PiplineID, ModelID).",Ext38,,,,,,,,,,,,,,,,,,,,
,,"manipulateTrainingData3(Principal, PiplineID, ModelID) :-
  malicious_p1(Principal),
  model_p7(PiplineID, AlgorithmID, ModelID, ModelHost, TrainingDataID, LabelsDataID, ValidationDataID),
  trainingData_p2(DataID, TrainingDataHost),
  accessFile4(Principal, TrainingDataHost, write, TrainingDataID).",Ext38,,,,,,,,,,,,,,,,,,,,
,,"manipulateTrainingData3(Principal, PiplineID, ModelID) :-
  malicious_p1(Principal),
  trainingData_p2(TrainingDataID, TrainingDataHost),
  model_p7(PiplineID, AlgorithmID, ModelID, ModelHost, TrainingDataID, LabelsDataID, ValidationDataID),
  accessFile4(Principal, InputDataHost, write, InputDataID),
  dataTransformationJob6(JobID, JobHost, InputDataID, InputDataHost, TrainingDataID, TrainingDataHost).",Ext38,,,,,,,,,,,,,,,,,,,,
,,"manipulateTrainingData3(Principal, PiplineID, ModelID) :-
  malicious_p1(Principal),
  model_p7(PiplineID, AlgorithmID, ModelID, ModelHost, TrainingDataID, LabelsDataID, ValidationDataID),
  accessFile4(Principal, InputDataHost, write, InputDataID),
  dataTransformationJob6(JobID1, JobHost1, InputDataID, InputDataHost, TransformedDataID, TransformedDataHost),
  dataTransformationJob6(JobID2, JobHost2, TransformedDataID, TransformedDataHost, TrainingDataID, TrainDataHost).",Ext38,,,,,,,,,,,,,,,,,,,,
,,"dataTransformationJob6(JobID, WorkerHost, InputDataID, WorkerHost, TransformedDataID, TransformedDataHost) :-
  dataTransformationJob6(JobID, ClusterGatewayHost, InputDataID, ClusterGatewayHost, TransformedDataID, TransformedDataHost),
  clusterWorker_p3(WorkerHost, ClusterGatewayHost, ClusterMasterHost).",Ext38,,,,,,,,,,,,,,,,,,,,
,,"modelAccess5(Principal, PiplineID, ModelID, read, AccessLevel) :-
  malicious_p1(Principal),
  model_p7(PiplineID, AlgorithmID, ModelID, ModelHost, TrainingDataID, LabelsDataID, ValidationDataID),
  accessFile4(Principal, ModelHost, read, ModelID).",Ext38,,,,,,,,,,,,,,,,,,,,
,,"modelAccess5(Principal, PiplineID, ModelID, write, AccessLevel) :-
  malicious_p1(Principal),
  model_p7(PiplineID, AlgorithmID, ModelID, ModelHost, TrainingDataID, LabelsDataID, ValidationDataID),
  accessFile4(Principal, ModelHost, write, ModelID).",Ext38,,,,,,,,,,,,,,,,,,,,
,,"trainingDataAccess6(Principal, PiplineID, ModelID, TrainingDataID, read, AccessLevel) :-
  malicious_p1(Principal),
  model_p7(PiplineID, AlgorithmID, ModelID, ModelHost, TrainingDataID, LabelsDataID, ValidationDataID),
  accessFile4(Principal, TrainDataHost, read, TrainingDataID).",Ext38,,,,,,,,,,,,,,,,,,,,
,,"trainingDataAccess6(Principal, PiplineID, ModelID, TrainingDataID, write, AccessLevel) :-
  malicious_p1(Principal),
  model_p7(PiplineID, AlgorithmID, ModelID, ModelHost, TrainingDataID, LabelsDataID, ValidationDataID),
  accessFile4(Principal, TrainDataHost, write, TrainingDataID).",Ext38,,,,,,,,,,,,,,,,,,,,
,,"trainingDataAccess6(Principal, PiplineID, ModelID, TrainingDataID, append, AccessLevel) :-
  malicious_p1(Principal),
  model_p7(PiplineID, AlgorithmID, ModelID, ModelHost, TrainingDataID, LabelsDataID, ValidationDataID),
  accessFile4(Principal, TrainDataHost, append, TrainingDataID).",Ext38,,,,,,,,,,,,,,,,,,,,
,,"trainingDataAccess6(Principal, PiplineID, ModelID, TrainingDataID, write, AccessLevel) :-
  malicious_p1(Principal),
  model_p7(PiplineID, AlgorithmID, ModelID, ModelHost, TrainingDataID, LabelsDataID, ValidationDataID),
  manipulateTrainingData3(Principal, PiplineID, ModelID).",Ext38,,,,,,,,,,,,,,,,,,,,
,,"queryAccess5(Principal, PiplineID, ModelID, PredictionsGranularity, AccessLevel) :-
  malicious_p1(Principal),
  predictionService_p8(PiplineID, ModelID, ServingApiID, PredictionServiceHost, Program, Prot, Port, PredictionsGranularity),
  netAccess5(Principal, _, PredictionServiceHost, Prot, Port).",Ext38,,,,,,,,,,,,,,,,,,,,
,,"queryAccess5(Principal, PiplineID, ModelID, PredictionsGranularity, AccessLevel) :-
  malicious_p1(Principal),
  predictionService_p8(PiplineID, ModelID, ServingApiID, PredictionServiceHost, Program, Prot, Port, PredictionsGranularity),
  predictorClientApplication_p5(ClientApiID, ServingApiID, PredictorClientApplicationHost, Program),
  netAccess5(Principal, _, PredictorClientApplicationHost, Prot, Port).",Ext38,,,,,,,,,,,,,,,,,,,,
,,"queryAccess5(Principal, PiplineID, ModelID, decision, AccessLevel) :-
  queryAccess5(Principal, PiplineID, ModelID, score, AccessLevel).",Ext38,,,,,,,,,,,,,,,,,,,,
,,"queryAccess5(Principal, PiplineID, ModelID, PredictionsGranularity, limited) :-
  queryAccess5(Principal, PiplineID, ModelID, PredictionsGranularity, full).",Ext38,,,,,,,,,,,,,,,,,,,,
,,"completeAccess4(Principal, PiplineID, ModelID, DataAccessPrivilege) :-
  modelAccess5(Principal, PiplineID, ModelID, DataAccessPrivilege, AccessLevel),
  predictionsAccess6(Principal, PiplineID, ModelID, PredictionsDataID, DataAccessPrivilege, AccessLevel),
  trainingDataAccess6(Principal, PiplineID, ModelID, TrainingDataID, DataAccessPrivilege, AccessLevel),
  validationDataAccess6(Principal, PiplineID, ModelID, ValidationDataID, DataAccessPrivilege, AccessLevel).",Ext38,,,,,,,,,,,,,,,,,,,,
,,"modelKnowledge4(Principal, PiplineID, ModelID, KnowledgeLevel) :-
  malicious_p1(Principal),
  model_p7(PiplineID, AlgorithmID, ModelID, ModelHost, TrainingDataID, LabelsDataID, ValidationDataID),
  publicModel_p1(ModelID).",Ext38,,,,,,,,,,,,,,,,,,,,
,,"modelKnowledge4(Principal, PiplineID, ModelID, KnowledgeLevel) :-
  malicious_p1(Principal),
  model_p7(PiplineID, AlgorithmID, ModelID, ModelHost, TrainingDataID, LabelsDataID, ValidationDataID),
  modelAccess5(Principal, PiplineID, ModelID, _, _).",Ext38,,,,,,,,,,,,,,,,,,,,
,,"hyperparametersKnowledge4(Principal, PiplineID, ModelID, KnowledgeLevel) :-
 malicious_p1(Principal),
 model_p7(PiplineID, AlgorithmID, ModelID, ModelHost, TrainingDataID, LabelsDataID, ValidationDataID),
 publicModel_p1(ModelID).",Ext38,,,,,,,,,,,,,,,,,,,,
,,"hyperparametersKnowledge4(Principal, PiplineID, ModelID, KnowledgeLevel) :-
  malicious_p1(Principal),
  model_p7(PiplineID, AlgorithmID, ModelID, ModelHost, TrainingDataID, LabelsDataID, ValidationDataID),
  modelAccess5(Principal, PiplineID, ModelID, _, _).",Ext38,,,,,,,,,,,,,,,,,,,,
,,"algorithmKnowledge4(Principal, PiplineID, ModelID, KnowledgeLevel) :-
  malicious_p1(Principal),
  model_p7(PiplineID, AlgorithmID, ModelID, ModelHost, TrainingDataID, LabelsDataID, ValidationDataID),
  publicModel_p1(ModelID).",Ext38,,,,,,,,,,,,,,,,,,,,
,,"algorithmKnowledge4(Principal, PiplineID, ModelID, KnowledgeLevel) :-
  malicious_p1(Principal),
  model_p7(PiplineID, AlgorithmID, ModelID, ModelHost, TrainingDataID, LabelsDataID, ValidationDataID),
  modelAccess5(Principal, PiplineID, ModelID, read, _).",Ext38,,,,,,,,,,,,,,,,,,,,
,,"trainingDataKnowledge5(Principal, PiplineID, ModelID, TrainingDataID, KnowledgeLevel) :-
  malicious_p1(Principal),
  model_p7(PiplineID, AlgorithmID, ModelID, ModelHost, TrainingDataID, LabelsDataID, ValidationDataID),
  dataIsPublic_p1(TrainingDataID).",Ext38,,,,,,,,,,,,,,,,,,,,
,,"trainingDataKnowledge5(Principal, PiplineID, ModelID, TrainingDataID, KnowledgeLevel) :-
  trainingDataAccess6(Principal, PiplineID, ModelID, TrainingDataID, DataAccessPrivilege, AccessLevel).",Ext38,,,,,,,,,,,,,,,,,,,,
,,"completeKnowledge3(Principal, PiplineID, ModelID) :-
  malicious_p1(Principal),
  modelKnowledge4(Principal, PiplineID, ModelID, KnowledgeLevel),
  hyperparametersKnowledge4(Principal, PiplineID, ModelID, KnowledgeLevel),
  algorithmKnowledge4(Principal, PiplineID, ModelID, KnowledgeLevel),
  trainingDataKnowledge5(Principal, PiplineID, ModelID, TrainingDataID, KnowledgeLevel),
  rawDataKnowledge5(Principal, PiplineID, ModelID, RawDataID, KnowledgeLevel),
  dataPropertiesKnowledge4(Principal, PiplineID, ModelID, KnowledgeLevel),
  taskKnowledge4(Principal, PiplineID, ModelID, KnowledgeLevel).",Ext38,,,,,,,,,,,,,,,,,,,,
,,"completeKnowledge3(Principal, PiplineID, ModelID) :-
  malicious_p1(Principal),
  completeAccess4(Principal, PiplineID, ModelID, _).",Ext38,,,,,,,,,,,,,,,,,,,,
,,"createSurrogateModel3(Principal, PiplineID, ModelID) :-
  malicious_p1(Principal),
  model_p7(PiplineID, AlgorithmID, ModelID, ModelHost, TrainingDataID, LabelsDataID, ValidationDataID),
  queryAccess5(Principal, PiplineID, ModelID, score, AccessLevel).",Ext38,,,,,,,,,,,,,,,,,,,,
,,"createSurrogateModel3(Principal, PiplineID, ModelID) :-
  malicious_p1(Principal),
  model_p7(PiplineID, AlgorithmID, ModelID, ModelHost, TrainingDataID, LabelsDataID, ValidationDataID),
  trainingDataKnowledge5(Principal, PiplineID, ModelID, TrainingDataID, KnowledgeLevel).",Ext38,,,,,,,,,,,,,,,,,,,,
,,,,,,,,,,,,,,,,,,,,,,,
,,,,,,,,,,,,,,,,,,,,,,,
,,,,,,,,,,,,,,,,,,,,,,,
,,,,,,,,,,,,,,,,,,,,,,,
,,,,,,,,,,,,,,,,,,,,,,,
,,,,,,,,,,,,,,,,,,,,,,,
,,,,,,,,,,,,,,,,,,,,,,,
,,,,,,,,,,,,,,,,,,,,,,,
,,,,,,,,,,,,,,,,,,,,,,,
,,,,,,,,,,,,,,,,,,,,,,,
,,,,,,,,,,,,,,,,,,,,,,,
,,,,,,,,,,,,,,,,,,,,,,,
,,,,,,,,,,,,,,,,,,,,,,,
,,,,,,,,,,,,,,,,,,,,,,,
,,,,,,,,,,,,,,,,,,,,,,,
,,,,,,,,,,,,,,,,,,,,,,,
,,,,,,,,,,,,,,,,,,,,,,,
,,,,,,,,,,,,,,,,,,,,,,,
,,,,,,,,,,,,,,,,,,,,,,,
,,,,,,,,,,,,,,,,,,,,,,,
,,,,,,,,,,,,,,,,,,,,,,,
,,,,,,,,,,,,,,,,,,,,,,,
,,,,,,,,,,,,,,,,,,,,,,,
,,,,,,,,,,,,,,,,,,,,,,,
,,,,,,,,,,,,,,,,,,,,,,,
,,,,,,,,,,,,,,,,,,,,,,,
,,,,,,,,,,,,,,,,,,,,,,,
,,,,,,,,,,,,,,,,,,,,,,,
,,,,,,,,,,,,,,,,,,,,,,,
,,,,,,,,,,,,,,,,,,,,,,,
,,,,,,,,,,,,,,,,,,,,,,,
,,,,,,,,,,,,,,,,,,,,,,,
,,,,,,,,,,,,,,,,,,,,,,,
,,,,,,,,,,,,,,,,,,,,,,,
,,,,,,,,,,,,,,,,,,,,,,,
,,,,,,,,,,,,,,,,,,,,,,,
,,,,,,,,,,,,,,,,,,,,,,,
,,,,,,,,,,,,,,,,,,,,,,,
,,,,,,,,,,,,,,,,,,,,,,,
,,,,,,,,,,,,,,,,,,,,,,,
,,,,,,,,,,,,,,,,,,,,,,,
,,,,,,,,,,,,,,,,,,,,,,,
,,,,,,,,,,,,,,,,,,,,,,,
,,,,,,,,,,,,,,,,,,,,,,,
,,,,,,,,,,,,,,,,,,,,,,,
,,,,,,,,,,,,,,,,,,,,,,,
,,,,,,,,,,,,,,,,,,,,,,,
,,,,,,,,,,,,,,,,,,,,,,,
,,,,,,,,,,,,,,,,,,,,,,,
,,,,,,,,,,,,,,,,,,,,,,,
,,,,,,,,,,,,,,,,,,,,,,,
,,,,,,,,,,,,,,,,,,,,,,,
,,,,,,,,,,,,,,,,,,,,,,,
,,,,,,,,,,,,,,,,,,,,,,,
,,,,,,,,,,,,,,,,,,,,,,,
,,,,,,,,,,,,,,,,,,,,,,,
,,,,,,,,,,,,,,,,,,,,,,,
,,,,,,,,,,,,,,,,,,,,,,,
,,,,,,,,,,,,,,,,,,,,,,,
,,,,,,,,,,,,,,,,,,,,,,,
,,,,,,,,,,,,,,,,,,,,,,,
,,,,,,,,,,,,,,,,,,,,,,,
,,,,,,,,,,,,,,,,,,,,,,,
,,,,,,,,,,,,,,,,,,,,,,,
,,,,,,,,,,,,,,,,,,,,,,,
,,,,,,,,,,,,,,,,,,,,,,,
,,,,,,,,,,,,,,,,,,,,,,,
,,,,,,,,,,,,,,,,,,,,,,,
,,,,,,,,,,,,,,,,,,,,,,,
,,,,,,,,,,,,,,,,,,,,,,,
,,,,,,,,,,,,,,,,,,,,,,,
,,,,,,,,,,,,,,,,,,,,,,,
,,,,,,,,,,,,,,,,,,,,,,,
,,,,,,,,,,,,,,,,,,,,,,,
,,,,,,,,,,,,,,,,,,,,,,,
,,,,,,,,,,,,,,,,,,,,,,,
,,,,,,,,,,,,,,,,,,,,,,,
,,,,,,,,,,,,,,,,,,,,,,,
,,,,,,,,,,,,,,,,,,,,,,,
,,,,,,,,,,,,,,,,,,,,,,,
,,,,,,,,,,,,,,,,,,,,,,,
,,,,,,,,,,,,,,,,,,,,,,,
,,,,,,,,,,,,,,,,,,,,,,,
,,,,,,,,,,,,,,,,,,,,,,,
,,,,,,,,,,,,,,,,,,,,,,,
,,,,,,,,,,,,,,,,,,,,,,,
,,,,,,,,,,,,,,,,,,,,,,,
,,,,,,,,,,,,,,,,,,,,,,,
,,,,,,,,,,,,,,,,,,,,,,,
,,,,,,,,,,,,,,,,,,,,,,,
,,,,,,,,,,,,,,,,,,,,,,,
,,,,,,,,,,,,,,,,,,,,,,,
,,,,,,,,,,,,,,,,,,,,,,,
,,,,,,,,,,,,,,,,,,,,,,,
,,,,,,,,,,,,,,,,,,,,,,,
,,,,,,,,,,,,,,,,,,,,,,,
,,,,,,,,,,,,,,,,,,,,,,,
,,,,,,,,,,,,,,,,,,,,,,,
,,,,,,,,,,,,,,,,,,,,,,,
,,,,,,,,,,,,,,,,,,,,,,,
,,,,,,,,,,,,,,,,,,,,,,,
,,,,,,,,,,,,,,,,,,,,,,,
,,,,,,,,,,,,,,,,,,,,,,,
,,,,,,,,,,,,,,,,,,,,,,,
,,,,,,,,,,,,,,,,,,,,,,,
,,,,,,,,,,,,,,,,,,,,,,,
,,,,,,,,,,,,,,,,,,,,,,,
,,,,,,,,,,,,,,,,,,,,,,,
,,,,,,,,,,,,,,,,,,,,,,,
,,,,,,,,,,,,,,,,,,,,,,,
,,,,,,,,,,,,,,,,,,,,,,,
,,,,,,,,,,,,,,,,,,,,,,,
,,,,,,,,,,,,,,,,,,,,,,,
,,,,,,,,,,,,,,,,,,,,,,,
,,,,,,,,,,,,,,,,,,,,,,,
,,,,,,,,,,,,,,,,,,,,,,,
,,,,,,,,,,,,,,,,,,,,,,,
,,,,,,,,,,,,,,,,,,,,,,,
,,,,,,,,,,,,,,,,,,,,,,,
,,,,,,,,,,,,,,,,,,,,,,,
,,,,,,,,,,,,,,,,,,,,,,,
,,,,,,,,,,,,,,,,,,,,,,,
,,,,,,,,,,,,,,,,,,,,,,,
,,,,,,,,,,,,,,,,,,,,,,,
,,,,,,,,,,,,,,,,,,,,,,,
,,,,,,,,,,,,,,,,,,,,,,,
,,,,,,,,,,,,,,,,,,,,,,,
,,,,,,,,,,,,,,,,,,,,,,,
,,,,,,,,,,,,,,,,,,,,,,,
,,,,,,,,,,,,,,,,,,,,,,,
,,,,,,,,,,,,,,,,,,,,,,,
,,,,,,,,,,,,,,,,,,,,,,,
,,,,,,,,,,,,,,,,,,,,,,,
,,,,,,,,,,,,,,,,,,,,,,,
,,,,,,,,,,,,,,,,,,,,,,,
,,,,,,,,,,,,,,,,,,,,,,,
,,,,,,,,,,,,,,,,,,,,,,,
,,,,,,,,,,,,,,,,,,,,,,,
,,,,,,,,,,,,,,,,,,,,,,,
,,,,,,,,,,,,,,,,,,,,,,,
,,,,,,,,,,,,,,,,,,,,,,,
,,,,,,,,,,,,,,,,,,,,,,,
,,,,,,,,,,,,,,,,,,,,,,,
,,,,,,,,,,,,,,,,,,,,,,,
,,,,,,,,,,,,,,,,,,,,,,,
,,,,,,,,,,,,,,,,,,,,,,,
,,,,,,,,,,,,,,,,,,,,,,,
,,,,,,,,,,,,,,,,,,,,,,,
,,,,,,,,,,,,,,,,,,,,,,,
,,,,,,,,,,,,,,,,,,,,,,,
,,,,,,,,,,,,,,,,,,,,,,,
,,,,,,,,,,,,,,,,,,,,,,,
,,,,,,,,,,,,,,,,,,,,,,,
,,,,,,,,,,,,,,,,,,,,,,,
,,,,,,,,,,,,,,,,,,,,,,,
,,,,,,,,,,,,,,,,,,,,,,,
,,,,,,,,,,,,,,,,,,,,,,,
,,,,,,,,,,,,,,,,,,,,,,,
,,,,,,,,,,,,,,,,,,,,,,,
,,,,,,,,,,,,,,,,,,,,,,,
,,,,,,,,,,,,,,,,,,,,,,,
,,,,,,,,,,,,,,,,,,,,,,,
,,,,,,,,,,,,,,,,,,,,,,,
,,,,,,,,,,,,,,,,,,,,,,,
,,,,,,,,,,,,,,,,,,,,,,,
,,,,,,,,,,,,,,,,,,,,,,,
,,,,,,,,,,,,,,,,,,,,,,,
,,,,,,,,,,,,,,,,,,,,,,,
,,,,,,,,,,,,,,,,,,,,,,,
,,,,,,,,,,,,,,,,,,,,,,,
,,,,,,,,,,,,,,,,,,,,,,,
,,,,,,,,,,,,,,,,,,,,,,,
,,,,,,,,,,,,,,,,,,,,,,,
,,,,,,,,,,,,,,,,,,,,,,,
,,,,,,,,,,,,,,,,,,,,,,,
,,,,,,,,,,,,,,,,,,,,,,,
,,,,,,,,,,,,,,,,,,,,,,,
,,,,,,,,,,,,,,,,,,,,,,,
,,,,,,,,,,,,,,,,,,,,,,,
,,,,,,,,,,,,,,,,,,,,,,,
,,,,,,,,,,,,,,,,,,,,,,,
,,,,,,,,,,,,,,,,,,,,,,,
,,,,,,,,,,,,,,,,,,,,,,,
,,,,,,,,,,,,,,,,,,,,,,,
,,,,,,,,,,,,,,,,,,,,,,,
,,,,,,,,,,,,,,,,,,,,,,,
,,,,,,,,,,,,,,,,,,,,,,,
,,,,,,,,,,,,,,,,,,,,,,,
,,,,,,,,,,,,,,,,,,,,,,,
,,,,,,,,,,,,,,,,,,,,,,,
,,,,,,,,,,,,,,,,,,,,,,,
,,,,,,,,,,,,,,,,,,,,,,,
,,,,,,,,,,,,,,,,,,,,,,,
,,,,,,,,,,,,,,,,,,,,,,,
,,,,,,,,,,,,,,,,,,,,,,,
,,,,,,,,,,,,,,,,,,,,,,,
,,,,,,,,,,,,,,,,,,,,,,,
,,,,,,,,,,,,,,,,,,,,,,,
,,,,,,,,,,,,,,,,,,,,,,,
,,,,,,,,,,,,,,,,,,,,,,,
,,,,,,,,,,,,,,,,,,,,,,,
,,,,,,,,,,,,,,,,,,,,,,,
,,,,,,,,,,,,,,,,,,,,,,,
,,,,,,,,,,,,,,,,,,,,,,,
,,,,,,,,,,,,,,,,,,,,,,,
,,,,,,,,,,,,,,,,,,,,,,,
,,,,,,,,,,,,,,,,,,,,,,,
,,,,,,,,,,,,,,,,,,,,,,,
,,,,,,,,,,,,,,,,,,,,,,,
,,,,,,,,,,,,,,,,,,,,,,,
,,,,,,,,,,,,,,,,,,,,,,,
,,,,,,,,,,,,,,,,,,,,,,,
,,,,,,,,,,,,,,,,,,,,,,,
,,,,,,,,,,,,,,,,,,,,,,,
,,,,,,,,,,,,,,,,,,,,,,,
,,,,,,,,,,,,,,,,,,,,,,,
,,,,,,,,,,,,,,,,,,,,,,,
,,,,,,,,,,,,,,,,,,,,,,,
,,,,,,,,,,,,,,,,,,,,,,,
,,,,,,,,,,,,,,,,,,,,,,,
,,,,,,,,,,,,,,,,,,,,,,,
,,,,,,,,,,,,,,,,,,,,,,,
,,,,,,,,,,,,,,,,,,,,,,,
,,,,,,,,,,,,,,,,,,,,,,,
,,,,,,,,,,,,,,,,,,,,,,,
,,,,,,,,,,,,,,,,,,,,,,,
,,,,,,,,,,,,,,,,,,,,,,,
,,,,,,,,,,,,,,,,,,,,,,,
,,,,,,,,,,,,,,,,,,,,,,,
,,,,,,,,,,,,,,,,,,,,,,,
,,,,,,,,,,,,,,,,,,,,,,,
,,,,,,,,,,,,,,,,,,,,,,,
,,,,,,,,,,,,,,,,,,,,,,,
,,,,,,,,,,,,,,,,,,,,,,,
,,,,,,,,,,,,,,,,,,,,,,,
,,,,,,,,,,,,,,,,,,,,,,,
,,,,,,,,,,,,,,,,,,,,,,,
,,,,,,,,,,,,,,,,,,,,,,,
,,,,,,,,,,,,,,,,,,,,,,,
,,,,,,,,,,,,,,,,,,,,,,,
,,,,,,,,,,,,,,,,,,,,,,,
,,,,,,,,,,,,,,,,,,,,,,,
,,,,,,,,,,,,,,,,,,,,,,,
,,,,,,,,,,,,,,,,,,,,,,,
,,,,,,,,,,,,,,,,,,,,,,,
,,,,,,,,,,,,,,,,,,,,,,,
,,,,,,,,,,,,,,,,,,,,,,,
,,,,,,,,,,,,,,,,,,,,,,,
,,,,,,,,,,,,,,,,,,,,,,,
,,,,,,,,,,,,,,,,,,,,,,,
,,,,,,,,,,,,,,,,,,,,,,,
,,,,,,,,,,,,,,,,,,,,,,,
,,,,,,,,,,,,,,,,,,,,,,,
,,,,,,,,,,,,,,,,,,,,,,,
,,,,,,,,,,,,,,,,,,,,,,,
,,,,,,,,,,,,,,,,,,,,,,,
,,,,,,,,,,,,,,,,,,,,,,,
,,,,,,,,,,,,,,,,,,,,,,,
,,,,,,,,,,,,,,,,,,,,,,,
,,,,,,,,,,,,,,,,,,,,,,,
,,,,,,,,,,,,,,,,,,,,,,,
,,,,,,,,,,,,,,,,,,,,,,,
,,,,,,,,,,,,,,,,,,,,,,,
,,,,,,,,,,,,,,,,,,,,,,,
,,,,,,,,,,,,,,,,,,,,,,,
,,,,,,,,,,,,,,,,,,,,,,,
,,,,,,,,,,,,,,,,,,,,,,,
,,,,,,,,,,,,,,,,,,,,,,,
,,,,,,,,,,,,,,,,,,,,,,,
,,,,,,,,,,,,,,,,,,,,,,,
,,,,,,,,,,,,,,,,,,,,,,,
,,,,,,,,,,,,,,,,,,,,,,,
,,,,,,,,,,,,,,,,,,,,,,,
,,,,,,,,,,,,,,,,,,,,,,,
,,,,,,,,,,,,,,,,,,,,,,,
,,,,,,,,,,,,,,,,,,,,,,,
,,,,,,,,,,,,,,,,,,,,,,,
,,,,,,,,,,,,,,,,,,,,,,,
,,,,,,,,,,,,,,,,,,,,,,,
,,,,,,,,,,,,,,,,,,,,,,,
,,,,,,,,,,,,,,,,,,,,,,,
,,,,,,,,,,,,,,,,,,,,,,,
,,,,,,,,,,,,,,,,,,,,,,,
,,,,,,,,,,,,,,,,,,,,,,,
,,,,,,,,,,,,,,,,,,,,,,,
,,,,,,,,,,,,,,,,,,,,,,,
,,,,,,,,,,,,,,,,,,,,,,,
,,,,,,,,,,,,,,,,,,,,,,,
,,,,,,,,,,,,,,,,,,,,,,,
,,,,,,,,,,,,,,,,,,,,,,,
,,,,,,,,,,,,,,,,,,,,,,,
,,,,,,,,,,,,,,,,,,,,,,,
,,,,,,,,,,,,,,,,,,,,,,,
,,,,,,,,,,,,,,,,,,,,,,,
,,,,,,,,,,,,,,,,,,,,,,,
,,,,,,,,,,,,,,,,,,,,,,,
,,,,,,,,,,,,,,,,,,,,,,,
,,,,,,,,,,,,,,,,,,,,,,,
,,,,,,,,,,,,,,,,,,,,,,,
,,,,,,,,,,,,,,,,,,,,,,,
,,,,,,,,,,,,,,,,,,,,,,,
,,,,,,,,,,,,,,,,,,,,,,,
,,,,,,,,,,,,,,,,,,,,,,,
,,,,,,,,,,,,,,,,,,,,,,,
,,,,,,,,,,,,,,,,,,,,,,,
,,,,,,,,,,,,,,,,,,,,,,,
,,,,,,,,,,,,,,,,,,,,,,,
,,,,,,,,,,,,,,,,,,,,,,,
,,,,,,,,,,,,,,,,,,,,,,,
,,,,,,,,,,,,,,,,,,,,,,,
,,,,,,,,,,,,,,,,,,,,,,,
,,,,,,,,,,,,,,,,,,,,,,,
,,,,,,,,,,,,,,,,,,,,,,,
,,,,,,,,,,,,,,,,,,,,,,,
,,,,,,,,,,,,,,,,,,,,,,,
,,,,,,,,,,,,,,,,,,,,,,,
,,,,,,,,,,,,,,,,,,,,,,,
,,,,,,,,,,,,,,,,,,,,,,,
,,,,,,,,,,,,,,,,,,,,,,,
,,,,,,,,,,,,,,,,,,,,,,,
,,,,,,,,,,,,,,,,,,,,,,,
,,,,,,,,,,,,,,,,,,,,,,,
,,,,,,,,,,,,,,,,,,,,,,,
,,,,,,,,,,,,,,,,,,,,,,,
,,,,,,,,,,,,,,,,,,,,,,,
,,,,,,,,,,,,,,,,,,,,,,,
,,,,,,,,,,,,,,,,,,,,,,,
,,,,,,,,,,,,,,,,,,,,,,,
,,,,,,,,,,,,,,,,,,,,,,,
,,,,,,,,,,,,,,,,,,,,,,,
,,,,,,,,,,,,,,,,,,,,,,,
,,,,,,,,,,,,,,,,,,,,,,,
,,,,,,,,,,,,,,,,,,,,,,,
,,,,,,,,,,,,,,,,,,,,,,,
,,,,,,,,,,,,,,,,,,,,,,,
,,,,,,,,,,,,,,,,,,,,,,,
,,,,,,,,,,,,,,,,,,,,,,,
,,,,,,,,,,,,,,,,,,,,,,,
,,,,,,,,,,,,,,,,,,,,,,,
,,,,,,,,,,,,,,,,,,,,,,,
,,,,,,,,,,,,,,,,,,,,,,,
,,,,,,,,,,,,,,,,,,,,,,,
,,,,,,,,,,,,,,,,,,,,,,,
,,,,,,,,,,,,,,,,,,,,,,,
,,,,,,,,,,,,,,,,,,,,,,,
,,,,,,,,,,,,,,,,,,,,,,,
,,,,,,,,,,,,,,,,,,,,,,,
,,,,,,,,,,,,,,,,,,,,,,,
,,,,,,,,,,,,,,,,,,,,,,,
,,,,,,,,,,,,,,,,,,,,,,,
,,,,,,,,,,,,,,,,,,,,,,,
,,,,,,,,,,,,,,,,,,,,,,,
,,,,,,,,,,,,,,,,,,,,,,,
,,,,,,,,,,,,,,,,,,,,,,,
,,,,,,,,,,,,,,,,,,,,,,,
,,,,,,,,,,,,,,,,,,,,,,,
,,,,,,,,,,,,,,,,,,,,,,,
,,,,,,,,,,,,,,,,,,,,,,,
,,,,,,,,,,,,,,,,,,,,,,,
,,,,,,,,,,,,,,,,,,,,,,,
,,,,,,,,,,,,,,,,,,,,,,,
,,,,,,,,,,,,,,,,,,,,,,,
,,,,,,,,,,,,,,,,,,,,,,,
,,,,,,,,,,,,,,,,,,,,,,,
,,,,,,,,,,,,,,,,,,,,,,,
,,,,,,,,,,,,,,,,,,,,,,,
,,,,,,,,,,,,,,,,,,,,,,,
,,,,,,,,,,,,,,,,,,,,,,,
,,,,,,,,,,,,,,,,,,,,,,,
,,,,,,,,,,,,,,,,,,,,,,,
,,,,,,,,,,,,,,,,,,,,,,,
,,,,,,,,,,,,,,,,,,,,,,,
,,,,,,,,,,,,,,,,,,,,,,,
,,,,,,,,,,,,,,,,,,,,,,,
,,,,,,,,,,,,,,,,,,,,,,,
,,,,,,,,,,,,,,,,,,,,,,,
,,,,,,,,,,,,,,,,,,,,,,,
,,,,,,,,,,,,,,,,,,,,,,,
,,,,,,,,,,,,,,,,,,,,,,,
,,,,,,,,,,,,,,,,,,,,,,,
,,,,,,,,,,,,,,,,,,,,,,,
,,,,,,,,,,,,,,,,,,,,,,,
,,,,,,,,,,,,,,,,,,,,,,,
,,,,,,,,,,,,,,,,,,,,,,,
,,,,,,,,,,,,,,,,,,,,,,,
,,,,,,,,,,,,,,,,,,,,,,,
,,,,,,,,,,,,,,,,,,,,,,,
,,,,,,,,,,,,,,,,,,,,,,,
,,,,,,,,,,,,,,,,,,,,,,,
,,,,,,,,,,,,,,,,,,,,,,,
,,,,,,,,,,,,,,,,,,,,,,,
,,,,,,,,,,,,,,,,,,,,,,,
,,,,,,,,,,,,,,,,,,,,,,,
,,,,,,,,,,,,,,,,,,,,,,,
,,,,,,,,,,,,,,,,,,,,,,,
,,,,,,,,,,,,,,,,,,,,,,,
,,,,,,,,,,,,,,,,,,,,,,,
,,,,,,,,,,,,,,,,,,,,,,,
,,,,,,,,,,,,,,,,,,,,,,,
,,,,,,,,,,,,,,,,,,,,,,,
,,,,,,,,,,,,,,,,,,,,,,,
,,,,,,,,,,,,,,,,,,,,,,,
,,,,,,,,,,,,,,,,,,,,,,,
,,,,,,,,,,,,,,,,,,,,,,,
,,,,,,,,,,,,,,,,,,,,,,,
,,,,,,,,,,,,,,,,,,,,,,,
,,,,,,,,,,,,,,,,,,,,,,,
,,,,,,,,,,,,,,,,,,,,,,,
,,,,,,,,,,,,,,,,,,,,,,,
,,,,,,,,,,,,,,,,,,,,,,,
,,,,,,,,,,,,,,,,,,,,,,,
,,,,,,,,,,,,,,,,,,,,,,,
,,,,,,,,,,,,,,,,,,,,,,,
,,,,,,,,,,,,,,,,,,,,,,,
,,,,,,,,,,,,,,,,,,,,,,,
,,,,,,,,,,,,,,,,,,,,,,,
,,,,,,,,,,,,,,,,,,,,,,,
,,,,,,,,,,,,,,,,,,,,,,,
,,,,,,,,,,,,,,,,,,,,,,,
,,,,,,,,,,,,,,,,,,,,,,,
,,,,,,,,,,,,,,,,,,,,,,,
,,,,,,,,,,,,,,,,,,,,,,,
,,,,,,,,,,,,,,,,,,,,,,,
,,,,,,,,,,,,,,,,,,,,,,,
,,,,,,,,,,,,,,,,,,,,,,,
,,,,,,,,,,,,,,,,,,,,,,,
,,,,,,,,,,,,,,,,,,,,,,,
,,,,,,,,,,,,,,,,,,,,,,,
,,,,,,,,,,,,,,,,,,,,,,,
,,,,,,,,,,,,,,,,,,,,,,,
,,,,,,,,,,,,,,,,,,,,,,,
,,,,,,,,,,,,,,,,,,,,,,,
,,,,,,,,,,,,,,,,,,,,,,,
,,,,,,,,,,,,,,,,,,,,,,,
,,,,,,,,,,,,,,,,,,,,,,,
,,,,,,,,,,,,,,,,,,,,,,,
,,,,,,,,,,,,,,,,,,,,,,,
,,,,,,,,,,,,,,,,,,,,,,,
,,,,,,,,,,,,,,,,,,,,,,,
,,,,,,,,,,,,,,,,,,,,,,,
,,,,,,,,,,,,,,,,,,,,,,,
,,,,,,,,,,,,,,,,,,,,,,,
,,,,,,,,,,,,,,,,,,,,,,,
,,,,,,,,,,,,,,,,,,,,,,,
,,,,,,,,,,,,,,,,,,,,,,,
,,,,,,,,,,,,,,,,,,,,,,,
,,,,,,,,,,,,,,,,,,,,,,,
,,,,,,,,,,,,,,,,,,,,,,,
,,,,,,,,,,,,,,,,,,,,,,,
,,,,,,,,,,,,,,,,,,,,,,,
,,,,,,,,,,,,,,,,,,,,,,,
,,,,,,,,,,,,,,,,,,,,,,,
,,,,,,,,,,,,,,,,,,,,,,,
,,,,,,,,,,,,,,,,,,,,,,,
,,,,,,,,,,,,,,,,,,,,,,,
,,,,,,,,,,,,,,,,,,,,,,,
,,,,,,,,,,,,,,,,,,,,,,,
,,,,,,,,,,,,,,,,,,,,,,,
,,,,,,,,,,,,,,,,,,,,,,,
,,,,,,,,,,,,,,,,,,,,,,,
,,,,,,,,,,,,,,,,,,,,,,,
,,,,,,,,,,,,,,,,,,,,,,,
,,,,,,,,,,,,,,,,,,,,,,,
,,,,,,,,,,,,,,,,,,,,,,,
,,,,,,,,,,,,,,,,,,,,,,,
,,,,,,,,,,,,,,,,,,,,,,,
,,,,,,,,,,,,,,,,,,,,,,,
,,,,,,,,,,,,,,,,,,,,,,,
,,,,,,,,,,,,,,,,,,,,,,,
,,,,,,,,,,,,,,,,,,,,,,,
,,,,,,,,,,,,,,,,,,,,,,,
,,,,,,,,,,,,,,,,,,,,,,,
,,,,,,,,,,,,,,,,,,,,,,,
,,,,,,,,,,,,,,,,,,,,,,,
,,,,,,,,,,,,,,,,,,,,,,,
,,,,,,,,,,,,,,,,,,,,,,,
,,,,,,,,,,,,,,,,,,,,,,,
,,,,,,,,,,,,,,,,,,,,,,,
,,,,,,,,,,,,,,,,,,,,,,,
,,,,,,,,,,,,,,,,,,,,,,,
,,,,,,,,,,,,,,,,,,,,,,,
,,,,,,,,,,,,,,,,,,,,,,,
,,,,,,,,,,,,,,,,,,,,,,,
,,,,,,,,,,,,,,,,,,,,,,,
,,,,,,,,,,,,,,,,,,,,,,,
,,,,,,,,,,,,,,,,,,,,,,,
,,,,,,,,,,,,,,,,,,,,,,,
,,,,,,,,,,,,,,,,,,,,,,,
,,,,,,,,,,,,,,,,,,,,,,,
,,,,,,,,,,,,,,,,,,,,,,,
,,,,,,,,,,,,,,,,,,,,,,,
,,,,,,,,,,,,,,,,,,,,,,,
,,,,,,,,,,,,,,,,,,,,,,,
,,,,,,,,,,,,,,,,,,,,,,,
,,,,,,,,,,,,,,,,,,,,,,,
,,,,,,,,,,,,,,,,,,,,,,,
,,,,,,,,,,,,,,,,,,,,,,,
,,,,,,,,,,,,,,,,,,,,,,,
,,,,,,,,,,,,,,,,,,,,,,,
,,,,,,,,,,,,,,,,,,,,,,,
,,,,,,,,,,,,,,,,,,,,,,,
,,,,,,,,,,,,,,,,,,,,,,,
,,,,,,,,,,,,,,,,,,,,,,,
,,,,,,,,,,,,,,,,,,,,,,,
,,,,,,,,,,,,,,,,,,,,,,,
,,,,,,,,,,,,,,,,,,,,,,,
,,,,,,,,,,,,,,,,,,,,,,,
,,,,,,,,,,,,,,,,,,,,,,,
,,,,,,,,,,,,,,,,,,,,,,,
,,,,,,,,,,,,,,,,,,,,,,,
,,,,,,,,,,,,,,,,,,,,,,,
,,,,,,,,,,,,,,,,,,,,,,,
,,,,,,,,,,,,,,,,,,,,,,,
,,,,,,,,,,,,,,,,,,,,,,,
,,,,,,,,,,,,,,,,,,,,,,,
,,,,,,,,,,,,,,,,,,,,,,,
,,,,,,,,,,,,,,,,,,,,,,,
,,,,,,,,,,,,,,,,,,,,,,,
,,,,,,,,,,,,,,,,,,,,,,,
,,,,,,,,,,,,,,,,,,,,,,,
,,,,,,,,,,,,,,,,,,,,,,,
,,,,,,,,,,,,,,,,,,,,,,,
,,,,,,,,,,,,,,,,,,,,,,,
,,,,,,,,,,,,,,,,,,,,,,,
,,,,,,,,,,,,,,,,,,,,,,,
,,,,,,,,,,,,,,,,,,,,,,,
,,,,,,,,,,,,,,,,,,,,,,,
,,,,,,,,,,,,,,,,,,,,,,,
,,,,,,,,,,,,,,,,,,,,,,,
,,,,,,,,,,,,,,,,,,,,,,,
,,,,,,,,,,,,,,,,,,,,,,,
,,,,,,,,,,,,,,,,,,,,,,,
,,,,,,,,,,,,,,,,,,,,,,,
,,,,,,,,,,,,,,,,,,,,,,,
,,,,,,,,,,,,,,,,,,,,,,,
,,,,,,,,,,,,,,,,,,,,,,,
,,,,,,,,,,,,,,,,,,,,,,,
,,,,,,,,,,,,,,,,,,,,,,,
,,,,,,,,,,,,,,,,,,,,,,,
,,,,,,,,,,,,,,,,,,,,,,,
,,,,,,,,,,,,,,,,,,,,,,,
,,,,,,,,,,,,,,,,,,,,,,,
,,,,,,,,,,,,,,,,,,,,,,,
,,,,,,,,,,,,,,,,,,,,,,,
,,,,,,,,,,,,,,,,,,,,,,,
,,,,,,,,,,,,,,,,,,,,,,,
,,,,,,,,,,,,,,,,,,,,,,,
,,,,,,,,,,,,,,,,,,,,,,,
,,,,,,,,,,,,,,,,,,,,,,,
,,,,,,,,,,,,,,,,,,,,,,,
,,,,,,,,,,,,,,,,,,,,,,,
,,,,,,,,,,,,,,,,,,,,,,,
,,,,,,,,,,,,,,,,,,,,,,,
,,,,,,,,,,,,,,,,,,,,,,,
,,,,,,,,,,,,,,,,,,,,,,,
,,,,,,,,,,,,,,,,,,,,,,,
,,,,,,,,,,,,,,,,,,,,,,,
,,,,,,,,,,,,,,,,,,,,,,,
,,,,,,,,,,,,,,,,,,,,,,,
,,,,,,,,,,,,,,,,,,,,,,,
,,,,,,,,,,,,,,,,,,,,,,,
,,,,,,,,,,,,,,,,,,,,,,,
,,,,,,,,,,,,,,,,,,,,,,,
,,,,,,,,,,,,,,,,,,,,,,,
,,,,,,,,,,,,,,,,,,,,,,,
,,,,,,,,,,,,,,,,,,,,,,,
,,,,,,,,,,,,,,,,,,,,,,,
,,,,,,,,,,,,,,,,,,,,,,,
,,,,,,,,,,,,,,,,,,,,,,,
,,,,,,,,,,,,,,,,,,,,,,,
,,,,,,,,,,,,,,,,,,,,,,,
,,,,,,,,,,,,,,,,,,,,,,,
,,,,,,,,,,,,,,,,,,,,,,,
,,,,,,,,,,,,,,,,,,,,,,,
,,,,,,,,,,,,,,,,,,,,,,,
,,,,,,,,,,,,,,,,,,,,,,,
,,,,,,,,,,,,,,,,,,,,,,,
,,,,,,,,,,,,,,,,,,,,,,,
,,,,,,,,,,,,,,,,,,,,,,,
,,,,,,,,,,,,,,,,,,,,,,,
,,,,,,,,,,,,,,,,,,,,,,,
,,,,,,,,,,,,,,,,,,,,,,,
,,,,,,,,,,,,,,,,,,,,,,,
,,,,,,,,,,,,,,,,,,,,,,,
,,,,,,,,,,,,,,,,,,,,,,,
,,,,,,,,,,,,,,,,,,,,,,,
,,,,,,,,,,,,,,,,,,,,,,,
,,,,,,,,,,,,,,,,,,,,,,,
,,,,,,,,,,,,,,,,,,,,,,,
,,,,,,,,,,,,,,,,,,,,,,,
,,,,,,,,,,,,,,,,,,,,,,,
,,,,,,,,,,,,,,,,,,,,,,,
,,,,,,,,,,,,,,,,,,,,,,,
,,,,,,,,,,,,,,,,,,,,,,,
,,,,,,,,,,,,,,,,,,,,,,,
,,,,,,,,,,,,,,,,,,,,,,,
,,,,,,,,,,,,,,,,,,,,,,,
,,,,,,,,,,,,,,,,,,,,,,,
,,,,,,,,,,,,,,,,,,,,,,,
,,,,,,,,,,,,,,,,,,,,,,,
,,,,,,,,,,,,,,,,,,,,,,,
,,,,,,,,,,,,,,,,,,,,,,,
,,,,,,,,,,,,,,,,,,,,,,,
,,,,,,,,,,,,,,,,,,,,,,,
,,,,,,,,,,,,,,,,,,,,,,,
,,,,,,,,,,,,,,,,,,,,,,,
,,,,,,,,,,,,,,,,,,,,,,,
,,,,,,,,,,,,,,,,,,,,,,,
,,,,,,,,,,,,,,,,,,,,,,,
,,,,,,,,,,,,,,,,,,,,,,,
,,,,,,,,,,,,,,,,,,,,,,,
,,,,,,,,,,,,,,,,,,,,,,,
,,,,,,,,,,,,,,,,,,,,,,,
,,,,,,,,,,,,,,,,,,,,,,,
,,,,,,,,,,,,,,,,,,,,,,,
,,,,,,,,,,,,,,,,,,,,,,,
,,,,,,,,,,,,,,,,,,,,,,,
,,,,,,,,,,,,,,,,,,,,,,,
,,,,,,,,,,,,,,,,,,,,,,,
,,,,,,,,,,,,,,,,,,,,,,,
,,,,,,,,,,,,,,,,,,,,,,,
,,,,,,,,,,,,,,,,,,,,,,,
,,,,,,,,,,,,,,,,,,,,,,,
,,,,,,,,,,,,,,,,,,,,,,,
,,,,,,,,,,,,,,,,,,,,,,,
,,,,,,,,,,,,,,,,,,,,,,,
,,,,,,,,,,,,,,,,,,,,,,,
,,,,,,,,,,,,,,,,,,,,,,,
,,,,,,,,,,,,,,,,,,,,,,,
,,,,,,,,,,,,,,,,,,,,,,,
,,,,,,,,,,,,,,,,,,,,,,,
,,,,,,,,,,,,,,,,,,,,,,,
,,,,,,,,,,,,,,,,,,,,,,,
,,,,,,,,,,,,,,,,,,,,,,,
,,,,,,,,,,,,,,,,,,,,,,,
,,,,,,,,,,,,,,,,,,,,,,,
,,,,,,,,,,,,,,,,,,,,,,,
,,,,,,,,,,,,,,,,,,,,,,,
,,,,,,,,,,,,,,,,,,,,,,,
,,,,,,,,,,,,,,,,,,,,,,,
,,,,,,,,,,,,,,,,,,,,,,,
,,,,,,,,,,,,,,,,,,,,,,,
,,,,,,,,,,,,,,,,,,,,,,,
,,,,,,,,,,,,,,,,,,,,,,,
,,,,,,,,,,,,,,,,,,,,,,,
,,,,,,,,,,,,,,,,,,,,,,,
,,,,,,,,,,,,,,,,,,,,,,,
,,,,,,,,,,,,,,,,,,,,,,,
,,,,,,,,,,,,,,,,,,,,,,,
,,,,,,,,,,,,,,,,,,,,,,,
,,,,,,,,,,,,,,,,,,,,,,,
,,,,,,,,,,,,,,,,,,,,,,,
,,,,,,,,,,,,,,,,,,,,,,,
,,,,,,,,,,,,,,,,,,,,,,,
,,,,,,,,,,,,,,,,,,,,,,,
,,,,,,,,,,,,,,,,,,,,,,,
,,,,,,,,,,,,,,,,,,,,,,,
,,,,,,,,,,,,,,,,,,,,,,,
,,,,,,,,,,,,,,,,,,,,,,,
,,,,,,,,,,,,,,,,,,,,,,,
,,,,,,,,,,,,,,,,,,,,,,,
,,,,,,,,,,,,,,,,,,,,,,,
,,,,,,,,,,,,,,,,,,,,,,,
,,,,,,,,,,,,,,,,,,,,,,,
,,,,,,,,,,,,,,,,,,,,,,,
,,,,,,,,,,,,,,,,,,,,,,,
,,,,,,,,,,,,,,,,,,,,,,,
